literature_key,claim_id,topic,claim_supported,verification_level,evidence_locator,use_scope,limitations
Pardue1963CementBond,C01,T1/T2 cement integrity and sonic evaluation,套管波衰减与水泥和套管条件相关，传统 CBL 依赖标定与边界条件。,abstract,Crossref/OpenAlex abstract,background/method/discussion,"Do not extend beyond the stated instrument, dataset, split, or task."
Froelich1982CementEvaluation,C02,T1/T2 cement integrity and sonic evaluation,超声脉冲回波可利用套管共振响应估计套管后介质性质。,abstract,Crossref/OpenAlex abstract,background/method/discussion,"Do not extend beyond the stated instrument, dataset, split, or task."
Bigelow1990SegmentedBond,C03,T1/T2 cement integrity and sonic evaluation,分区胶结工具通过周向分区测量提高局部缺陷的方位分辨能力。,abstract,Crossref/OpenAlex abstract,background/method/discussion,"Do not extend beyond the stated instrument, dataset, split, or task."
VanKuijk2005UltrasonicImager,C04,T1/T2 cement integrity and sonic evaluation,超声套管井成像将脉冲回波扩展到周向水泥评价。,abstract,Crossref/OpenAlex abstract,background/method/discussion,"Do not extend beyond the stated instrument, dataset, split, or task."
Uswak1995CementImaging,C05,T1/T2 cement integrity and sonic evaluation,超声成像能够形成水泥环周向响应图，而非只给出单一幅度曲线。,abstract,Crossref/OpenAlex abstract,background/method/discussion,"Do not extend beyond the stated instrument, dataset, split, or task."
Wang2016AcousticCementMethods,C06,T1/T2 cement integrity and sonic evaluation,声波、脉冲回波和弯曲波方法测量不同波模态，具有互补性与各自边界。,abstract,Crossref/OpenAlex abstract,background/method/discussion,"Do not extend beyond the stated instrument, dataset, split, or task."
Kinoshita2013LWDSonicCement,C07,T1/T2 cement integrity and sonic evaluation,随钻声波定量水泥评价受套管波与钻铤波分离、套管厚度和水泥阻抗约束。,fulltext,local PDF; see reading note,background/method/discussion,"Do not extend beyond the stated instrument, dataset, split, or task."
Sun2016UltrabroadbandAcoustic,C08,T2 XSI tool,XSI 类超宽带阵列声波工具包含 13 个轴向接收环，每环 8 个方位接收器。,fulltext,local PDF; see reading note,background/method/discussion,"Do not extend beyond the stated instrument, dataset, split, or task."
Lu2014AzimuthalAcoustic,C09,T2/T3/T4 acoustic-ultrasonic and azimuthal evaluation,方位声波阵列能够利用多方位套管波信息评价周向胶结差异。,abstract,Crossref/OpenAlex abstract,background/method/discussion,"Do not extend beyond the stated instrument, dataset, split, or task."
Che2014PhasedArcReception,C10,T2/T3/T4 acoustic-ultrasonic and azimuthal evaluation,相控弧阵列接收可提高入射方向分辨率和信噪比。,fulltext,local PDF; see reading note,background/method/discussion,"Do not extend beyond the stated instrument, dataset, split, or task."
Che2016AzimuthalCement,C11,T2/T3/T4 acoustic-ultrasonic and azimuthal evaluation,方位发射与现场试验说明阵列声波可用于周向胶结评价。,metadata,Crossref/OpenAlex metadata,background/method/discussion,"Do not extend beyond the stated instrument, dataset, split, or task."
Che2017AzimuthalReceiver,C12,T2/T3/T4 acoustic-ultrasonic and azimuthal evaluation,64 传感器、8 接收站的方位接收短节可组合多种接收子阵列。,fulltext,local PDF; see reading note,background/method/discussion,"Do not extend beyond the stated instrument, dataset, split, or task."
Zuo2020AzimuthCement,C13,T2/T3/T4 acoustic-ultrasonic and azimuthal evaluation,8 单元弧形相控接收站可通过独立或扫描接收分析窜槽方位范围。,fulltext,local PDF; see reading note,background/method/discussion,"Do not extend beyond the stated instrument, dataset, split, or task."
Viggen2020AutomaticCement,C14,T2/T3/T4 acoustic-ultrasonic and azimuthal evaluation,监督卷积网络可用于套管井水泥评价日志的自动解释。,abstract,Crossref/OpenAlex abstract,background/method/discussion,"Do not extend beyond the stated instrument, dataset, split, or task."
Wang2017CasedHoleWavefield,C15,T2/T3/T4 acoustic-ultrasonic and azimuthal evaluation,套管井中的声场由套管、井液、水泥和地层耦合传播共同决定。,abstract,Crossref/OpenAlex abstract,background/method/discussion,"Do not extend beyond the stated instrument, dataset, split, or task."
Froelich2008MultimodeCement,C16,T2/T3/T4 acoustic-ultrasonic and azimuthal evaluation,多模态超声响应可补充单一脉冲回波对套管后水泥的评价。,abstract,Crossref/OpenAlex abstract,background/method/discussion,"Do not extend beyond the stated instrument, dataset, split, or task."
Viggen2016PulseEcho,C17,T2/T3/T4 acoustic-ultrasonic and azimuthal evaluation,外套管回波模拟说明脉冲回波解释受多界面传播影响。,abstract,Crossref/OpenAlex abstract,background/method/discussion,"Do not extend beyond the stated instrument, dataset, split, or task."
Acosta2017UltrasonicCement,C18,T2/T3/T4 acoustic-ultrasonic and azimuthal evaluation,声波与周向超声组合可提供相互独立且互补的胶结评价信息。,abstract,Crossref/OpenAlex abstract,background/method/discussion,"Do not extend beyond the stated instrument, dataset, split, or task."
Udebhulu2023CementIntegrityReview,C19,T1/T2 cement integrity and sonic evaluation,水泥环完整性评价需结合材料、界面和服役条件，单一测量存在边界。,abstract,Crossref/OpenAlex abstract,background/method/discussion,"Do not extend beyond the stated instrument, dataset, split, or task."
Abdollahian2024TransferCement,C20,T2/T3/T4 acoustic-ultrasonic and azimuthal evaluation,CWT 与迁移学习已被用于 VDL 水泥胶结分类，支持时频图输入的可行性。,fulltext,local PDF; see reading note,background/method/discussion,"Do not extend beyond the stated instrument, dataset, split, or task."
Liu2025WideDeepCement,C21,T7 deep learning in logging and cement evaluation,融合领域知识的神经网络已用于固井质量预测，但任务和标签不同于本文。,fulltext,local PDF; see reading note,background/method/discussion,"Do not extend beyond the stated instrument, dataset, split, or task."
Wang2023ExplainableSonic,C22,T7 deep learning in logging and cement evaluation,机器学习可重构声波时差并进行不确定性与特征贡献分析。,fulltext,local PDF; see reading note,background/method/discussion,"Do not extend beyond the stated instrument, dataset, split, or task."
You2023AcousticImageFacies,C23,T7 deep learning in logging and cement evaluation,二维深度网络可用于声学成像测井的相分类。,abstract,Crossref/OpenAlex abstract,background/method/discussion,"Do not extend beyond the stated instrument, dataset, split, or task."
Santos2022RecurrentFacies,C24,T7 deep learning in logging and cement evaluation,循环网络可利用测井曲线的纵向序列依赖进行相分类。,abstract,Crossref/OpenAlex abstract,background/method/discussion,"Do not extend beyond the stated instrument, dataset, split, or task."
Nezhad2023FuzzyCement,C25,T7 deep learning in logging and cement evaluation,模糊卷积网络已用于水泥评价日志自动解释。,abstract,Crossref/OpenAlex abstract,background/method/discussion,"Do not extend beyond the stated instrument, dataset, split, or task."
Viggen2021FeatureEngineering,C26,T7 deep learning in logging and cement evaluation,特征工程可改善水泥评价日志的自动解释，但仍依赖任务定义和数据质量。,abstract,Crossref/OpenAlex abstract,background/method/discussion,"Do not extend beyond the stated instrument, dataset, split, or task."
Zhang2023CementFCNN,C27,T7 deep learning in logging and cement evaluation,全连接网络已用于套管井水泥环和胶结界面成像。,abstract,Crossref/OpenAlex abstract,background/method/discussion,"Do not extend beyond the stated instrument, dataset, split, or task."
Saito1997WaveletAcoustic,C28,T5 continuous wavelet transform,时频小波能够从声波测井波形中提取局部时频信息。,abstract,Crossref/OpenAlex abstract,background/method/discussion,"Do not extend beyond the stated instrument, dataset, split, or task."
Daubechies1990Wavelet,C29,T5 continuous wavelet transform,小波变换提供尺度相关的时间--频率局部化。,abstract,Crossref/OpenAlex abstract,background/method/discussion,"Do not extend beyond the stated instrument, dataset, split, or task."
Mallat1989Multiresolution,C30,T5 continuous wavelet transform,多分辨率分析为小波分解和局部特征表示提供理论基础。,abstract,Crossref/OpenAlex abstract,background/method/discussion,"Do not extend beyond the stated instrument, dataset, split, or task."
Tary2018TimeVaryingCWT,C31,T5 continuous wavelet transform,CWT 适用于随时间变化的非平稳信号，并需注意尺度与边界效应。,abstract,Crossref/OpenAlex abstract,background/method/discussion,"Do not extend beyond the stated instrument, dataset, split, or task."
Selvaraju2017GradCAM,C32,T9 Grad-CAM,Grad-CAM 使用目标输出对卷积特征图的梯度形成粗粒度、预测相关响应区域。,fulltext,local PDF; see reading note,background/method/discussion,"Do not extend beyond the stated instrument, dataset, split, or task."
Roberts2017CrossValidation,C33,T10 grouped and blocked validation,相关或分组数据采用随机交叉验证可能低估预测误差，分块验证更合适。,abstract,Crossref/OpenAlex abstract,background/method/discussion,"Do not extend beyond the stated instrument, dataset, split, or task."
Valavi2019BlockCV,C34,T10 grouped and blocked validation,空间或环境分块可构造相互分离的验证折叠。,abstract,Crossref/OpenAlex abstract,background/method/discussion,"Do not extend beyond the stated instrument, dataset, split, or task."
Meyer2018TargetValidation,C35,T10 grouped and blocked validation,面向目标域的验证与特征选择可降低时空相关数据的乐观偏差。,metadata,Crossref/OpenAlex metadata,background/method/discussion,"Do not extend beyond the stated instrument, dataset, split, or task."
Ploton2020SpatialValidation,C36,T10 grouped and blocked validation,空间独立验证可能显著改变模型性能判断。,abstract,Crossref/OpenAlex abstract,background/method/discussion,"Do not extend beyond the stated instrument, dataset, split, or task."
LeCun1998GradientLearning,C37,T7 convolutional networks,CNN 通过局部连接和权值共享学习层级特征。,abstract,Crossref/OpenAlex abstract,background/method/discussion,"Do not extend beyond the stated instrument, dataset, split, or task."
He2016ResNet,C38,T7 convolutional networks,残差连接有助于训练更深的卷积网络。,abstract,Crossref/OpenAlex abstract,background/method/discussion,"Do not extend beyond the stated instrument, dataset, split, or task."
Kiran2017WellIntegrityReview,C39,T1 well integrity,井完整性失效涉及多类屏障与完整性机制，评价需面向全寿命周期。,metadata,Crossref/OpenAlex metadata,background/method/discussion,"Do not extend beyond the stated instrument, dataset, split, or task."
Bai2016WellIntegrityReview,C40,T1 well integrity,储层封存场景中的井完整性依赖套管和水泥屏障。,metadata,Crossref/OpenAlex metadata,background/method/discussion,"Do not extend beyond the stated instrument, dataset, split, or task."
Persoon1977FourierDescriptors,C41,T6 Fourier descriptors and shift-invariant magnitude,傅里叶描述子使用频域系数表达形状并讨论平移等变换影响。,abstract,Crossref/OpenAlex abstract,background/method/discussion,"Do not extend beyond the stated instrument, dataset, split, or task."
Zahn1972FourierDescriptors,C42,T6 Fourier descriptors and shift-invariant magnitude,闭合曲线傅里叶描述子表明平移主要作用于低阶或相位相关分量。,abstract,Crossref/OpenAlex abstract,background/method/discussion,"Do not extend beyond the stated instrument, dataset, split, or task."
Kuhl1982EllipticFourier,C43,T6 Fourier descriptors and shift-invariant magnitude,椭圆傅里叶系数可描述闭合轮廓，但归一化会牺牲部分位置信息。,metadata,Crossref/OpenAlex metadata,background/method/discussion,"Do not extend beyond the stated instrument, dataset, split, or task."
Torrence1998WaveletGuide,C44,T5 continuous wavelet transform,CWT 的尺度--时间表示适用于非平稳信号分析。,abstract,Crossref/OpenAlex abstract,background/method/discussion,"Do not extend beyond the stated instrument, dataset, split, or task."
Huber1964Robust,C45,method robust loss,Huber 损失在小残差区间采用二次项、较大残差区间采用线性增长。,abstract,Crossref/OpenAlex abstract,background/method/discussion,"Do not extend beyond the stated instrument, dataset, split, or task."
Tan2021EfficientNetV2,C46,T8 EfficientNetV2,EfficientNetV2 通过 Fused-MBConv 和训练感知缩放提高训练效率；本文仅作骨干网络。,abstract,Crossref/OpenAlex abstract,background/method/discussion,"Do not extend beyond the stated instrument, dataset, split, or task."
Kingma2014Adam,C47,method optimization,Adam 使用一阶矩和二阶矩估计进行自适应随机优化。,abstract,Crossref/OpenAlex abstract,background/method/discussion,"Do not extend beyond the stated instrument, dataset, split, or task."
Davies2014WellIntegrity,C48,T1 well integrity,油气井屏障失效数据具有场景差异，不能将单一井段结果外推为一般规律。,abstract,Crossref/OpenAlex abstract,background/method/discussion,"Do not extend beyond the stated instrument, dataset, split, or task."
