eval_index,record_index,depth_ft,true_mean_integrated_severity,pred_mean_integrated_severity,underestimation,high_severity_flag,sample_mae,sample_rmse,source_path,notes
68,2487,3953.12611567,0.0,0.04004763439297676,-0.04004763439297676,context,0.01337396539747715,0.03562415763735771,docs/thesis_evidence/remote_exp008_depth_blocked_train/prediction_summary.csv,EXP-008 high-severity context window; single-well depth-heldout
69,2488,3953.62749701,0.0,0.0,0.0,context,0.004868128802627325,0.017114007845520973,docs/thesis_evidence/remote_exp008_depth_blocked_train/prediction_summary.csv,EXP-008 high-severity context window; single-well depth-heldout
70,2489,3954.12561948,2.1229004859924316,0.029592236503958702,2.093308249488473,context,0.021866779774427414,0.13034188747406006,docs/thesis_evidence/remote_exp008_depth_blocked_train/prediction_summary.csv,EXP-008 high-severity context window; single-well depth-heldout
71,2490,3954.64466887,2.1229004859924316,0.027396321296691895,2.0955041646957397,context,0.021738899871706963,0.13061220943927765,docs/thesis_evidence/remote_exp008_depth_blocked_train/prediction_summary.csv,EXP-008 high-severity context window; single-well depth-heldout
72,2491,3955.13101953,2.1229004859924316,0.04521844536066055,2.077682040631771,context,0.02147670090198517,0.13087081909179688,docs/thesis_evidence/remote_exp008_depth_blocked_train/prediction_summary.csv,EXP-008 high-severity context window; single-well depth-heldout
73,2492,3955.62963825,10.21385383605957,0.03309059143066406,10.180763244628906,yes,0.12174107134342194,0.45204973220825195,docs/thesis_evidence/remote_exp008_depth_blocked_train/prediction_summary.csv,EXP-008 high-severity context window; single-well depth-heldout
74,2493,3956.15980254,15.545454025268555,0.0,15.545454025268555,yes,0.20376130938529968,0.6187567114830017,docs/thesis_evidence/remote_exp008_depth_blocked_train/prediction_summary.csv,EXP-008 high-severity context window; single-well depth-heldout
75,2494,3956.66208742,13.127144813537598,0.24827006459236145,12.878874748945236,yes,0.26795345544815063,0.649378776550293,docs/thesis_evidence/remote_exp008_depth_blocked_train/prediction_summary.csv,EXP-008 high-severity context window; single-well depth-heldout
76,2495,3957.17013501,12.422689437866211,0.25430750846862793,12.168381929397583,yes,0.34963786602020264,0.7484760284423828,docs/thesis_evidence/remote_exp008_depth_blocked_train/prediction_summary.csv,EXP-008 high-severity context window; single-well depth-heldout
77,2496,3957.67322642,10.875998497009277,0.7550529837608337,10.120945513248444,yes,0.29298123717308044,0.6321980953216553,docs/thesis_evidence/remote_exp008_depth_blocked_train/prediction_summary.csv,EXP-008 high-severity context window; single-well depth-heldout
78,2497,3958.15422115,8.419710159301758,0.09764803946018219,8.322062119841576,yes,0.3348079025745392,0.7070971727371216,docs/thesis_evidence/remote_exp008_depth_blocked_train/prediction_summary.csv,EXP-008 high-severity context window; single-well depth-heldout
79,2498,3958.67392999,8.831496238708496,0.0630958080291748,8.768400430679321,yes,0.34872114658355713,0.7425814867019653,docs/thesis_evidence/remote_exp008_depth_blocked_train/prediction_summary.csv,EXP-008 high-severity context window; single-well depth-heldout
80,2499,3959.17384763,8.044791221618652,0.852846622467041,7.191944599151611,yes,0.2620534896850586,0.5687745213508606,docs/thesis_evidence/remote_exp008_depth_blocked_train/prediction_summary.csv,EXP-008 high-severity context window; single-well depth-heldout
81,2500,3959.6668157,10.558852195739746,0.4406716227531433,10.118180572986603,yes,0.3099568784236908,0.6731255054473877,docs/thesis_evidence/remote_exp008_depth_blocked_train/prediction_summary.csv,EXP-008 high-severity context window; single-well depth-heldout
82,2501,3960.18125917,11.495306968688965,0.7638636231422424,10.731443345546722,yes,0.26138952374458313,0.5976729989051819,docs/thesis_evidence/remote_exp008_depth_blocked_train/prediction_summary.csv,EXP-008 high-severity context window; single-well depth-heldout
83,2502,3960.67564916,12.094399452209473,1.3160433769226074,10.778356075286865,yes,0.20437270402908325,0.4798298478126526,docs/thesis_evidence/remote_exp008_depth_blocked_train/prediction_summary.csv,EXP-008 high-severity context window; single-well depth-heldout
84,2503,3961.18081299,15.176830291748047,1.4259721040725708,13.750858187675476,yes,0.17389383912086487,0.4208480715751648,docs/thesis_evidence/remote_exp008_depth_blocked_train/prediction_summary.csv,EXP-008 high-severity context window; single-well depth-heldout
85,2504,3961.68368591,8.982559204101562,1.1237701177597046,7.858789086341858,yes,0.14566443860530853,0.352210134267807,docs/thesis_evidence/remote_exp008_depth_blocked_train/prediction_summary.csv,EXP-008 high-severity context window; single-well depth-heldout
86,2505,3962.1749456,6.145231246948242,1.2308498620986938,4.914381384849548,yes,0.15850599110126495,0.36459967494010925,docs/thesis_evidence/remote_exp008_depth_blocked_train/prediction_summary.csv,EXP-008 high-severity context window; single-well depth-heldout
87,2506,3962.68172644,5.128787040710449,0.9726983904838562,4.156088650226593,yes,0.17223748564720154,0.40076541900634766,docs/thesis_evidence/remote_exp008_depth_blocked_train/prediction_summary.csv,EXP-008 high-severity context window; single-well depth-heldout
88,2507,3963.17450464,4.191862106323242,1.0434165000915527,3.1484456062316895,context,0.17574867606163025,0.39762988686561584,docs/thesis_evidence/remote_exp008_depth_blocked_train/prediction_summary.csv,EXP-008 high-severity context window; single-well depth-heldout
89,2508,3963.66465057,3.2028446197509766,0.8005253076553345,2.402319312095642,context,0.17805010080337524,0.386052668094635,docs/thesis_evidence/remote_exp008_depth_blocked_train/prediction_summary.csv,EXP-008 high-severity context window; single-well depth-heldout
90,2509,3964.17068627,2.419325828552246,0.6597791314125061,1.75954669713974,context,0.16794711351394653,0.35166439414024353,docs/thesis_evidence/remote_exp008_depth_blocked_train/prediction_summary.csv,EXP-008 high-severity context window; single-well depth-heldout
91,2510,3964.66414521,1.653799057006836,0.8841639757156372,0.7696350812911987,context,0.12543779611587524,0.27050939202308655,docs/thesis_evidence/remote_exp008_depth_blocked_train/prediction_summary.csv,EXP-008 high-severity context window; single-well depth-heldout
92,2511,3965.16426449,2.830639362335205,1.2076284885406494,1.6230108737945557,context,0.119691401720047,0.27108311653137207,docs/thesis_evidence/remote_exp008_depth_blocked_train/prediction_summary.csv,EXP-008 high-severity context window; single-well depth-heldout
93,2512,3965.66931958,2.80389142036438,1.3567392826080322,1.4471521377563477,context,0.10387848317623138,0.24678608775138855,docs/thesis_evidence/remote_exp008_depth_blocked_train/prediction_summary.csv,EXP-008 high-severity context window; single-well depth-heldout
94,2513,3966.15816091,3.0414185523986816,0.7791734933853149,2.2622450590133667,context,0.08514390885829926,0.22782807052135468,docs/thesis_evidence/remote_exp008_depth_blocked_train/prediction_summary.csv,EXP-008 high-severity context window; single-well depth-heldout
95,2514,3966.67142399,3.5052008628845215,0.5766934752464294,2.928507387638092,context,0.08997269719839096,0.24524107575416565,docs/thesis_evidence/remote_exp008_depth_blocked_train/prediction_summary.csv,EXP-008 high-severity context window; single-well depth-heldout
96,2515,3967.18597893,1.4725935459136963,0.792064905166626,0.6805286407470703,context,0.06791890412569046,0.17140719294548035,docs/thesis_evidence/remote_exp008_depth_blocked_train/prediction_summary.csv,EXP-008 high-severity context window; single-well depth-heldout
97,2516,3967.67390641,1.4328550100326538,0.9238141179084778,0.509040892124176,context,0.0701611191034317,0.17141880095005035,docs/thesis_evidence/remote_exp008_depth_blocked_train/prediction_summary.csv,EXP-008 high-severity context window; single-well depth-heldout
98,2517,3968.18107897,0.9788656234741211,1.0385249853134155,-0.059659361839294434,context,0.07182015478610992,0.16595052182674408,docs/thesis_evidence/remote_exp008_depth_blocked_train/prediction_summary.csv,EXP-008 high-severity context window; single-well depth-heldout
99,2518,3968.67956499,0.8660470247268677,0.6741845011711121,0.19186252355575562,context,0.06490904092788696,0.1446947455406189,docs/thesis_evidence/remote_exp008_depth_blocked_train/prediction_summary.csv,EXP-008 high-severity context window; single-well depth-heldout
100,2519,3969.17090058,1.0521742105484009,0.10176915675401688,0.950405053794384,context,0.04682435840368271,0.12985868752002716,docs/thesis_evidence/remote_exp008_depth_blocked_train/prediction_summary.csv,EXP-008 high-severity context window; single-well depth-heldout
101,2520,3969.6745904,1.230616807937622,0.0,1.230616807937622,context,0.07458988577127457,0.20172302424907684,docs/thesis_evidence/remote_exp008_depth_blocked_train/prediction_summary.csv,EXP-008 high-severity context window; single-well depth-heldout
102,2521,3970.17155167,1.1915115118026733,0.4508848786354065,0.7406266331672668,context,0.07370685786008835,0.16231350600719452,docs/thesis_evidence/remote_exp008_depth_blocked_train/prediction_summary.csv,EXP-008 high-severity context window; single-well depth-heldout
103,2522,3970.67234464,2.380678653717041,1.196179747581482,1.184498906135559,context,0.08104336261749268,0.20967169106006622,docs/thesis_evidence/remote_exp008_depth_blocked_train/prediction_summary.csv,EXP-008 high-severity context window; single-well depth-heldout
104,2523,3971.19518356,3.619401454925537,0.7628005743026733,2.8566008806228638,context,0.10006257146596909,0.26366451382637024,docs/thesis_evidence/remote_exp008_depth_blocked_train/prediction_summary.csv,EXP-008 high-severity context window; single-well depth-heldout
105,2524,3971.68321668,3.7050087451934814,0.8414102792739868,2.8635984659194946,context,0.10038377344608307,0.2621228098869324,docs/thesis_evidence/remote_exp008_depth_blocked_train/prediction_summary.csv,EXP-008 high-severity context window; single-well depth-heldout
106,2525,3972.20067996,3.885058641433716,0.7382449507713318,3.146813690662384,context,0.09433329105377197,0.25290632247924805,docs/thesis_evidence/remote_exp008_depth_blocked_train/prediction_summary.csv,EXP-008 high-severity context window; single-well depth-heldout
107,2526,3972.70897415,1.8619098663330078,0.8887022137641907,0.9732076525688171,context,0.08334261924028397,0.19578048586845398,docs/thesis_evidence/remote_exp008_depth_blocked_train/prediction_summary.csv,EXP-008 high-severity context window; single-well depth-heldout
108,2527,3973.20769609,0.14299432933330536,0.050109367817640305,0.09288496151566505,context,0.0187780000269413,0.046250563114881516,docs/thesis_evidence/remote_exp008_depth_blocked_train/prediction_summary.csv,EXP-008 high-severity context window; single-well depth-heldout
109,2528,3973.72937837,0.0,0.23875932395458221,-0.23875932395458221,context,0.038776498287916183,0.08355141431093216,docs/thesis_evidence/remote_exp008_depth_blocked_train/prediction_summary.csv,EXP-008 high-severity context window; single-well depth-heldout
110,2529,3974.20135317,0.0,0.09401649236679077,-0.09401649236679077,context,0.024263471364974976,0.054798390716314316,docs/thesis_evidence/remote_exp008_depth_blocked_train/prediction_summary.csv,EXP-008 high-severity context window; single-well depth-heldout
111,2530,3974.69685025,0.0,0.04883056879043579,-0.04883056879043579,context,0.01833312027156353,0.04388203099370003,docs/thesis_evidence/remote_exp008_depth_blocked_train/prediction_summary.csv,EXP-008 high-severity context window; single-well depth-heldout
112,2531,3975.21566055,0.0,0.03301352262496948,-0.03301352262496948,context,0.0120179308578372,0.03218521177768707,docs/thesis_evidence/remote_exp008_depth_blocked_train/prediction_summary.csv,EXP-008 high-severity context window; single-well depth-heldout
113,2532,3975.71014051,0.0,0.1395995169878006,-0.1395995169878006,context,0.029319602996110916,0.06532660871744156,docs/thesis_evidence/remote_exp008_depth_blocked_train/prediction_summary.csv,EXP-008 high-severity context window; single-well depth-heldout
114,2533,3976.22402947,0.0,0.1070832684636116,-0.1070832684636116,context,0.02618175372481346,0.059261634945869446,docs/thesis_evidence/remote_exp008_depth_blocked_train/prediction_summary.csv,EXP-008 high-severity context window; single-well depth-heldout
115,2534,3976.72817964,0.0,0.32115989923477173,-0.32115989923477173,context,0.046603478491306305,0.0987682044506073,docs/thesis_evidence/remote_exp008_depth_blocked_train/prediction_summary.csv,EXP-008 high-severity context window; single-well depth-heldout
116,2535,3977.22311878,0.0,0.05269692465662956,-0.05269692465662956,context,0.015176954679191113,0.03858821839094162,docs/thesis_evidence/remote_exp008_depth_blocked_train/prediction_summary.csv,EXP-008 high-severity context window; single-well depth-heldout
117,2536,3977.73407564,0.0,0.17844288051128387,-0.17844288051128387,context,0.0345149040222168,0.07579018920660019,docs/thesis_evidence/remote_exp008_depth_blocked_train/prediction_summary.csv,EXP-008 high-severity context window; single-well depth-heldout
118,2537,3978.22877204,1.2934074401855469,0.0,1.2934074401855469,context,0.014904187060892582,0.06538230925798416,docs/thesis_evidence/remote_exp008_depth_blocked_train/prediction_summary.csv,EXP-008 high-severity context window; single-well depth-heldout
119,2538,3978.73355186,1.0087594985961914,0.101067915558815,0.9076915830373764,context,0.033826377242803574,0.08979642391204834,docs/thesis_evidence/remote_exp008_depth_blocked_train/prediction_summary.csv,EXP-008 high-severity context window; single-well depth-heldout
120,2539,3979.24142143,1.0087594985961914,0.16319012641906738,0.845569372177124,context,0.040156032890081406,0.09670521318912506,docs/thesis_evidence/remote_exp008_depth_blocked_train/prediction_summary.csv,EXP-008 high-severity context window; single-well depth-heldout
121,2540,3979.73216714,0.6863133311271667,0.0,0.6863133311271667,context,0.017752686515450478,0.08645040541887283,docs/thesis_evidence/remote_exp008_depth_blocked_train/prediction_summary.csv,EXP-008 high-severity context window; single-well depth-heldout
122,2541,3980.23126549,0.3827661871910095,0.0368194580078125,0.345946729183197,context,0.014313752762973309,0.062028463929891586,docs/thesis_evidence/remote_exp008_depth_blocked_train/prediction_summary.csv,EXP-008 high-severity context window; single-well depth-heldout
123,2542,3980.73601987,0.041420936584472656,0.01416093111038208,0.027260005474090576,context,0.003592453896999359,0.012419245205819607,docs/thesis_evidence/remote_exp008_depth_blocked_train/prediction_summary.csv,EXP-008 high-severity context window; single-well depth-heldout
124,2543,3981.23338762,7.072436332702637,0.0,7.072436332702637,yes,0.065095454454422,0.31207823753356934,docs/thesis_evidence/remote_exp008_depth_blocked_train/prediction_summary.csv,EXP-008 high-severity context window; single-well depth-heldout
125,2544,3981.74902363,8.830190658569336,0.031069636344909668,8.799121022224426,yes,0.06334979087114334,0.31395968794822693,docs/thesis_evidence/remote_exp008_depth_blocked_train/prediction_summary.csv,EXP-008 high-severity context window; single-well depth-heldout
126,2545,3982.25701193,7.971274375915527,0.13540661334991455,7.835867762565613,yes,0.08898259699344635,0.3216966390609741,docs/thesis_evidence/remote_exp008_depth_blocked_train/prediction_summary.csv,EXP-008 high-severity context window; single-well depth-heldout
127,2546,3982.75666256,6.940805912017822,0.2622663974761963,6.678539514541626,yes,0.09944634139537811,0.31801649928092957,docs/thesis_evidence/remote_exp008_depth_blocked_train/prediction_summary.csv,EXP-008 high-severity context window; single-well depth-heldout
128,2547,3983.26647932,3.1620359420776367,0.4664507508277893,2.6955851912498474,context,0.0696474239230156,0.1695115864276886,docs/thesis_evidence/remote_exp008_depth_blocked_train/prediction_summary.csv,EXP-008 high-severity context window; single-well depth-heldout
129,2548,3983.76995834,3.417719602584839,0.02382659912109375,3.393893003463745,context,0.05538293719291687,0.23997481167316437,docs/thesis_evidence/remote_exp008_depth_blocked_train/prediction_summary.csv,EXP-008 high-severity context window; single-well depth-heldout
130,2549,3984.28357628,5.590347766876221,0.011110424995422363,5.579237341880798,yes,0.10803083330392838,0.38457417488098145,docs/thesis_evidence/remote_exp008_depth_blocked_train/prediction_summary.csv,EXP-008 high-severity context window; single-well depth-heldout
131,2550,3984.80017065,11.482179641723633,0.0948643684387207,11.387315273284912,yes,0.22760021686553955,0.6348851919174194,docs/thesis_evidence/remote_exp008_depth_blocked_train/prediction_summary.csv,EXP-008 high-severity context window; single-well depth-heldout
132,2551,3985.29609039,12.164862632751465,0.07930855453014374,12.085554078221321,yes,0.27303528785705566,0.6908599734306335,docs/thesis_evidence/remote_exp008_depth_blocked_train/prediction_summary.csv,EXP-008 high-severity context window; single-well depth-heldout
133,2552,3985.79727497,14.002721786499023,0.05202147364616394,13.95070031285286,yes,0.25147488713264465,0.6751556992530823,docs/thesis_evidence/remote_exp008_depth_blocked_train/prediction_summary.csv,EXP-008 high-severity context window; single-well depth-heldout
134,2553,3986.30209537,17.36288070678711,0.9490253329277039,16.413855373859406,yes,0.18321645259857178,0.4820537567138672,docs/thesis_evidence/remote_exp008_depth_blocked_train/prediction_summary.csv,EXP-008 high-severity context window; single-well depth-heldout
135,2554,3986.80155985,8.797127723693848,0.24139180779457092,8.555735915899277,yes,0.09104348719120026,0.3334009051322937,docs/thesis_evidence/remote_exp008_depth_blocked_train/prediction_summary.csv,EXP-008 high-severity context window; single-well depth-heldout
136,2555,3987.32176623,1.0559051036834717,0.6720597147941589,0.38384538888931274,context,0.06462888419628143,0.1570599526166916,docs/thesis_evidence/remote_exp008_depth_blocked_train/prediction_summary.csv,EXP-008 high-severity context window; single-well depth-heldout
137,2556,3987.82665166,0.672313392162323,0.09762472659349442,0.5746886655688286,context,0.033588070422410965,0.12285033613443375,docs/thesis_evidence/remote_exp008_depth_blocked_train/prediction_summary.csv,EXP-008 high-severity context window; single-well depth-heldout
138,2557,3988.3167465,0.5682981014251709,0.01736348867416382,0.5509346127510071,context,0.03859402611851692,0.13755911588668823,docs/thesis_evidence/remote_exp008_depth_blocked_train/prediction_summary.csv,EXP-008 high-severity context window; single-well depth-heldout
139,2558,3988.82140321,0.40182238817214966,1.2834632396697998,-0.8816408514976501,context,0.0646967962384224,0.15622277557849884,docs/thesis_evidence/remote_exp008_depth_blocked_train/prediction_summary.csv,EXP-008 high-severity context window; single-well depth-heldout
140,2559,3989.32331086,0.47938811779022217,0.37730106711387634,0.10208705067634583,context,0.048512011766433716,0.1133502796292305,docs/thesis_evidence/remote_exp008_depth_blocked_train/prediction_summary.csv,EXP-008 high-severity context window; single-well depth-heldout
141,2560,3989.82418703,0.6547303795814514,0.5084659457206726,0.1462644338607788,context,0.053797949105501175,0.12286338955163956,docs/thesis_evidence/remote_exp008_depth_blocked_train/prediction_summary.csv,EXP-008 high-severity context window; single-well depth-heldout
142,2561,3990.32114071,0.9096391797065735,0.028601933270692825,0.8810372464358807,context,0.04501074180006981,0.14505799114704132,docs/thesis_evidence/remote_exp008_depth_blocked_train/prediction_summary.csv,EXP-008 high-severity context window; single-well depth-heldout
143,2562,3990.80471577,0.675640344619751,0.02789616584777832,0.6477441787719727,context,0.01842447556555271,0.08525602519512177,docs/thesis_evidence/remote_exp008_depth_blocked_train/prediction_summary.csv,EXP-008 high-severity context window; single-well depth-heldout
144,2563,3991.31216098,0.19716989994049072,0.01949152909219265,0.17767837084829807,context,0.006122457329183817,0.02375887520611286,docs/thesis_evidence/remote_exp008_depth_blocked_train/prediction_summary.csv,EXP-008 high-severity context window; single-well depth-heldout
145,2564,3991.81197914,0.19716989994049072,0.026587873697280884,0.17058202624320984,context,0.006325709167867899,0.024470830336213112,docs/thesis_evidence/remote_exp008_depth_blocked_train/prediction_summary.csv,EXP-008 high-severity context window; single-well depth-heldout
146,2565,3992.32068922,0.19716989994049072,0.03854142874479294,0.15862847119569778,context,0.013210115022957325,0.03170979395508766,docs/thesis_evidence/remote_exp008_depth_blocked_train/prediction_summary.csv,EXP-008 high-severity context window; single-well depth-heldout
147,2566,3992.82747213,0.0,0.04331612586975098,-0.04331612586975098,context,0.003144103568047285,0.011892537586390972,docs/thesis_evidence/remote_exp008_depth_blocked_train/prediction_summary.csv,EXP-008 high-severity context window; single-well depth-heldout
148,2567,3993.31743215,0.0,0.030592620372772217,-0.030592620372772217,context,0.003941672388464212,0.013594121672213078,docs/thesis_evidence/remote_exp008_depth_blocked_train/prediction_summary.csv,EXP-008 high-severity context window; single-well depth-heldout
149,2568,3993.8356516,0.0,0.021830836310982704,-0.021830836310982704,context,0.003408922581002116,0.012522481381893158,docs/thesis_evidence/remote_exp008_depth_blocked_train/prediction_summary.csv,EXP-008 high-severity context window; single-well depth-heldout
150,2569,3994.33742419,0.0,0.027135193347930908,-0.027135193347930908,context,0.00282847136259079,0.01183597557246685,docs/thesis_evidence/remote_exp008_depth_blocked_train/prediction_summary.csv,EXP-008 high-severity context window; single-well depth-heldout
151,2570,3994.83901949,0.0,0.04812898486852646,-0.04812898486852646,context,0.007060110103338957,0.019381871446967125,docs/thesis_evidence/remote_exp008_depth_blocked_train/prediction_summary.csv,EXP-008 high-severity context window; single-well depth-heldout
152,2571,3995.38160983,0.0,0.054360128939151764,-0.054360128939151764,context,0.008560237474739552,0.022555392235517502,docs/thesis_evidence/remote_exp008_depth_blocked_train/prediction_summary.csv,EXP-008 high-severity context window; single-well depth-heldout
153,2572,3995.88493677,0.0,0.03293974697589874,-0.03293974697589874,context,0.00427593570202589,0.013771831057965755,docs/thesis_evidence/remote_exp008_depth_blocked_train/prediction_summary.csv,EXP-008 high-severity context window; single-well depth-heldout
154,2573,3996.38618591,0.0,0.02603456936776638,-0.02603456936776638,context,0.0031005677301436663,0.010911361314356327,docs/thesis_evidence/remote_exp008_depth_blocked_train/prediction_summary.csv,EXP-008 high-severity context window; single-well depth-heldout
155,2574,3996.91241672,0.0,0.031695786863565445,-0.031695786863565445,context,0.009753902442753315,0.022418467327952385,docs/thesis_evidence/remote_exp008_depth_blocked_train/prediction_summary.csv,EXP-008 high-severity context window; single-well depth-heldout
156,2575,3997.40596474,0.0,0.0380692295730114,-0.0380692295730114,context,0.008173814043402672,0.025015434250235558,docs/thesis_evidence/remote_exp008_depth_blocked_train/prediction_summary.csv,EXP-008 high-severity context window; single-well depth-heldout
157,2576,3997.91252126,0.0,0.07980508357286453,-0.07980508357286453,context,0.013723588548600674,0.035838533192873,docs/thesis_evidence/remote_exp008_depth_blocked_train/prediction_summary.csv,EXP-008 high-severity context window; single-well depth-heldout
158,2577,3998.4217757,0.0,0.06508754938840866,-0.06508754938840866,context,0.015671733766794205,0.0393826924264431,docs/thesis_evidence/remote_exp008_depth_blocked_train/prediction_summary.csv,EXP-008 high-severity context window; single-well depth-heldout
159,2578,3998.92282525,0.0,0.02364039421081543,-0.02364039421081543,context,0.004854545928537846,0.017063848674297333,docs/thesis_evidence/remote_exp008_depth_blocked_train/prediction_summary.csv,EXP-008 high-severity context window; single-well depth-heldout
160,2579,3999.44268089,0.0,0.0,0.0,context,0.006684501655399799,0.021621666848659515,docs/thesis_evidence/remote_exp008_depth_blocked_train/prediction_summary.csv,EXP-008 high-severity context window; single-well depth-heldout
161,2580,3999.94149814,0.0,0.03024354577064514,-0.03024354577064514,context,0.01005038246512413,0.02864236943423748,docs/thesis_evidence/remote_exp008_depth_blocked_train/prediction_summary.csv,EXP-008 high-severity context window; single-well depth-heldout
162,2581,4000.43784633,2.599717378616333,0.04700183868408203,2.552715539932251,context,0.038156405091285706,0.17432014644145966,docs/thesis_evidence/remote_exp008_depth_blocked_train/prediction_summary.csv,EXP-008 high-severity context window; single-well depth-heldout
163,2582,4000.95955422,3.105015754699707,0.04022181034088135,3.0647939443588257,context,0.08765378594398499,0.2778001129627228,docs/thesis_evidence/remote_exp008_depth_blocked_train/prediction_summary.csv,EXP-008 high-severity context window; single-well depth-heldout
164,2583,4001.46474144,5.047546863555908,0.981606662273407,4.065940201282501,yes,0.11495854705572128,0.2781861424446106,docs/thesis_evidence/remote_exp008_depth_blocked_train/prediction_summary.csv,EXP-008 high-severity context window; single-well depth-heldout
165,2584,4001.95880892,3.908682346343994,0.9328784942626953,2.975803852081299,context,0.10549250990152359,0.2707669138908386,docs/thesis_evidence/remote_exp008_depth_blocked_train/prediction_summary.csv,EXP-008 high-severity context window; single-well depth-heldout
166,2585,4002.46448953,3.5056004524230957,0.8669050931930542,2.6386953592300415,context,0.09492696076631546,0.25442397594451904,docs/thesis_evidence/remote_exp008_depth_blocked_train/prediction_summary.csv,EXP-008 high-severity context window; single-well depth-heldout
167,2586,4002.98382596,2.89713716506958,0.575386643409729,2.321750521659851,context,0.08699528127908707,0.25074532628059387,docs/thesis_evidence/remote_exp008_depth_blocked_train/prediction_summary.csv,EXP-008 high-severity context window; single-well depth-heldout
168,2587,4003.50358104,1.0339053869247437,1.004680871963501,0.029224514961242676,context,0.06674499064683914,0.16927270591259003,docs/thesis_evidence/remote_exp008_depth_blocked_train/prediction_summary.csv,EXP-008 high-severity context window; single-well depth-heldout
169,2588,4004.00556642,1.2268662452697754,1.4449810981750488,-0.21811485290527344,context,0.09176375716924667,0.2174505740404129,docs/thesis_evidence/remote_exp008_depth_blocked_train/prediction_summary.csv,EXP-008 high-severity context window; single-well depth-heldout
170,2589,4004.51267936,1.423587679862976,0.3729967772960663,1.0505909025669098,context,0.06647362560033798,0.17889553308486938,docs/thesis_evidence/remote_exp008_depth_blocked_train/prediction_summary.csv,EXP-008 high-severity context window; single-well depth-heldout
171,2590,4005.01996495,2.105841636657715,0.3759523332118988,1.729889303445816,context,0.0668916180729866,0.1788410246372223,docs/thesis_evidence/remote_exp008_depth_blocked_train/prediction_summary.csv,EXP-008 high-severity context window; single-well depth-heldout
172,2591,4005.51920095,1.0558704137802124,0.08938338607549667,0.9664870277047157,context,0.03502514213323593,0.11719506233930588,docs/thesis_evidence/remote_exp008_depth_blocked_train/prediction_summary.csv,EXP-008 high-severity context window; single-well depth-heldout
173,2592,4006.02648867,1.5129079818725586,0.1697474718093872,1.3431605100631714,context,0.06446188688278198,0.19906659424304962,docs/thesis_evidence/remote_exp008_depth_blocked_train/prediction_summary.csv,EXP-008 high-severity context window; single-well depth-heldout
174,2593,4006.53389615,1.1516170501708984,0.0,1.1516170501708984,context,0.05423435568809509,0.19600076973438263,docs/thesis_evidence/remote_exp008_depth_blocked_train/prediction_summary.csv,EXP-008 high-severity context window; single-well depth-heldout
175,2594,4007.03505949,1.9429352283477783,0.0932067483663559,1.8497284799814224,context,0.09333661198616028,0.27435895800590515,docs/thesis_evidence/remote_exp008_depth_blocked_train/prediction_summary.csv,EXP-008 high-severity context window; single-well depth-heldout
176,2595,4007.55460997,4.103484153747559,0.3549764156341553,3.7485077381134033,context,0.13807198405265808,0.37919408082962036,docs/thesis_evidence/remote_exp008_depth_blocked_train/prediction_summary.csv,EXP-008 high-severity context window; single-well depth-heldout
177,2596,4008.06083754,5.796700954437256,0.3554711639881134,5.4412297904491425,yes,0.16423611342906952,0.43225914239883423,docs/thesis_evidence/remote_exp008_depth_blocked_train/prediction_summary.csv,EXP-008 high-severity context window; single-well depth-heldout
178,2597,4008.55097053,7.365628719329834,0.4846276640892029,6.881001055240631,yes,0.1784014105796814,0.4518983066082001,docs/thesis_evidence/remote_exp008_depth_blocked_train/prediction_summary.csv,EXP-008 high-severity context window; single-well depth-heldout
179,2598,4009.05703086,8.425443649291992,0.07414277642965317,8.351300872862339,yes,0.16432276368141174,0.47819533944129944,docs/thesis_evidence/remote_exp008_depth_blocked_train/prediction_summary.csv,EXP-008 high-severity context window; single-well depth-heldout
180,2599,4009.55422952,6.980103015899658,0.29659581184387207,6.683507204055786,yes,0.10490167886018753,0.329207181930542,docs/thesis_evidence/remote_exp008_depth_blocked_train/prediction_summary.csv,EXP-008 high-severity context window; single-well depth-heldout
181,2600,4010.06692575,4.704089164733887,0.20624390244483948,4.497845262289047,context,0.053647443652153015,0.19958461821079254,docs/thesis_evidence/remote_exp008_depth_blocked_train/prediction_summary.csv,EXP-008 high-severity context window; single-well depth-heldout
182,2601,4010.56969506,0.08484631776809692,1.1448408365249634,-1.0599945187568665,context,0.09904556721448898,0.21208485960960388,docs/thesis_evidence/remote_exp008_depth_blocked_train/prediction_summary.csv,EXP-008 high-severity context window; single-well depth-heldout
183,2602,4011.10068703,11.251778602600098,0.22368745505809784,11.028091147542,yes,0.1075933575630188,0.39320680499076843,docs/thesis_evidence/remote_exp008_depth_blocked_train/prediction_summary.csv,EXP-008 high-severity context window; single-well depth-heldout
184,2603,4011.62935175,15.286705017089844,0.2810331881046295,15.005671828985214,yes,0.20039382576942444,0.575354278087616,docs/thesis_evidence/remote_exp008_depth_blocked_train/prediction_summary.csv,EXP-008 high-severity context window; single-well depth-heldout
185,2604,4012.11566642,15.370071411132812,0.550696611404419,14.819374799728394,yes,0.2828194200992584,0.6813095211982727,docs/thesis_evidence/remote_exp008_depth_blocked_train/prediction_summary.csv,EXP-008 high-severity context window; single-well depth-heldout
186,2605,4012.61901415,13.275941848754883,0.6995274424552917,12.576414406299591,yes,0.32174068689346313,0.7105191349983215,docs/thesis_evidence/remote_exp008_depth_blocked_train/prediction_summary.csv,EXP-008 high-severity context window; single-well depth-heldout
187,2606,4013.12142127,9.614827156066895,0.8141037821769714,8.800723373889923,yes,0.2532273530960083,0.6045342683792114,docs/thesis_evidence/remote_exp008_depth_blocked_train/prediction_summary.csv,EXP-008 high-severity context window; single-well depth-heldout
188,2607,4013.60477111,6.370711326599121,1.7177064418792725,4.653004884719849,yes,0.16241417825222015,0.4207431972026825,docs/thesis_evidence/remote_exp008_depth_blocked_train/prediction_summary.csv,EXP-008 high-severity context window; single-well depth-heldout
189,2608,4014.11372671,2.8648815155029297,0.5607553124427795,2.30412620306015,context,0.11845599859952927,0.31173813343048096,docs/thesis_evidence/remote_exp008_depth_blocked_train/prediction_summary.csv,EXP-008 high-severity context window; single-well depth-heldout
190,2609,4014.60120027,1.0808759927749634,0.0,1.0808759927749634,context,0.10263251513242722,0.2382647693157196,docs/thesis_evidence/remote_exp008_depth_blocked_train/prediction_summary.csv,EXP-008 high-severity context window; single-well depth-heldout
191,2610,4015.09997411,1.0182645320892334,0.0,1.0182645320892334,context,0.09644705057144165,0.2331591546535492,docs/thesis_evidence/remote_exp008_depth_blocked_train/prediction_summary.csv,EXP-008 high-severity context window; single-well depth-heldout
192,2611,4015.62057683,2.697148561477661,0.2913206219673157,2.4058279395103455,context,0.11163979768753052,0.3150676488876343,docs/thesis_evidence/remote_exp008_depth_blocked_train/prediction_summary.csv,EXP-008 high-severity context window; single-well depth-heldout
193,2612,4016.10506702,4.16634464263916,0.24893637001514435,3.917408272624016,context,0.16223517060279846,0.42086634039878845,docs/thesis_evidence/remote_exp008_depth_blocked_train/prediction_summary.csv,EXP-008 high-severity context window; single-well depth-heldout
194,2613,4016.61561041,4.876514911651611,0.2406693994998932,4.635845512151718,context,0.1625431776046753,0.4277994632720947,docs/thesis_evidence/remote_exp008_depth_blocked_train/prediction_summary.csv,EXP-008 high-severity context window; single-well depth-heldout
195,2614,4017.86371877,3.2903823852539062,0.08147993683815002,3.2089024484157562,context,0.12779024243354797,0.34205490350723267,docs/thesis_evidence/remote_exp008_depth_blocked_train/prediction_summary.csv,EXP-008 high-severity context window; single-well depth-heldout
196,2615,4017.97583288,2.898019790649414,0.0,2.898019790649414,context,0.11925216019153595,0.3337782621383667,docs/thesis_evidence/remote_exp008_depth_blocked_train/prediction_summary.csv,EXP-008 high-severity context window; single-well depth-heldout
197,2616,4018.14844072,2.147876262664795,0.03987395763397217,2.1080023050308228,context,0.09132759273052216,0.2685546278953552,docs/thesis_evidence/remote_exp008_depth_blocked_train/prediction_summary.csv,EXP-008 high-severity context window; single-well depth-heldout
198,2617,4018.59921075,2.2887818813323975,0.012173295021057129,2.2766085863113403,context,0.08940993994474411,0.2709830105304718,docs/thesis_evidence/remote_exp008_depth_blocked_train/prediction_summary.csv,EXP-008 high-severity context window; single-well depth-heldout
199,2618,4019.10862952,1.827734351158142,0.0,1.827734351158142,context,0.026609862223267555,0.1373330056667328,docs/thesis_evidence/remote_exp008_depth_blocked_train/prediction_summary.csv,EXP-008 high-severity context window; single-well depth-heldout
200,2619,4019.58950477,0.8146251440048218,0.0,0.8146251440048218,context,0.02354709431529045,0.10637408494949341,docs/thesis_evidence/remote_exp008_depth_blocked_train/prediction_summary.csv,EXP-008 high-severity context window; single-well depth-heldout
201,2620,4020.07488225,0.799780547618866,0.044317763298749924,0.755462784320116,context,0.05323590710759163,0.1508738100528717,docs/thesis_evidence/remote_exp008_depth_blocked_train/prediction_summary.csv,EXP-008 high-severity context window; single-well depth-heldout
202,2621,4020.59296931,0.7666918039321899,0.4206279218196869,0.34606388211250305,context,0.06092872843146324,0.13371896743774414,docs/thesis_evidence/remote_exp008_depth_blocked_train/prediction_summary.csv,EXP-008 high-severity context window; single-well depth-heldout
203,2622,4021.09485315,0.7666918039321899,0.27775484323501587,0.4889369606971741,context,0.06184012442827225,0.13857781887054443,docs/thesis_evidence/remote_exp008_depth_blocked_train/prediction_summary.csv,EXP-008 high-severity context window; single-well depth-heldout
204,2623,4021.59490079,0.739301323890686,0.1146765649318695,0.6246247589588165,context,0.05074916407465935,0.12378200888633728,docs/thesis_evidence/remote_exp008_depth_blocked_train/prediction_summary.csv,EXP-008 high-severity context window; single-well depth-heldout
205,2624,4022.09464661,0.6177926063537598,0.225029855966568,0.3927627503871918,context,0.03811870515346527,0.08525457233190536,docs/thesis_evidence/remote_exp008_depth_blocked_train/prediction_summary.csv,EXP-008 high-severity context window; single-well depth-heldout
206,2625,4022.59668612,1.0340533256530762,0.06672894954681396,0.9673243761062622,context,0.03383316099643707,0.10545357316732407,docs/thesis_evidence/remote_exp008_depth_blocked_train/prediction_summary.csv,EXP-008 high-severity context window; single-well depth-heldout
207,2626,4023.10548767,1.544666051864624,0.07115760445594788,1.4735084474086761,context,0.06552886217832565,0.19098691642284393,docs/thesis_evidence/remote_exp008_depth_blocked_train/prediction_summary.csv,EXP-008 high-severity context window; single-well depth-heldout
208,2627,4023.59426482,2.336662530899048,0.027953803539276123,2.3087087273597717,context,0.0891951248049736,0.27375173568725586,docs/thesis_evidence/remote_exp008_depth_blocked_train/prediction_summary.csv,EXP-008 high-severity context window; single-well depth-heldout
209,2628,4024.0819182,5.126765727996826,0.06416206806898117,5.062603659927845,yes,0.15909497439861298,0.430835485458374,docs/thesis_evidence/remote_exp008_depth_blocked_train/prediction_summary.csv,EXP-008 high-severity context window; single-well depth-heldout
210,2629,4024.58376796,6.257199287414551,0.047429878264665604,6.209769409149885,yes,0.17919886112213135,0.47630172967910767,docs/thesis_evidence/remote_exp008_depth_blocked_train/prediction_summary.csv,EXP-008 high-severity context window; single-well depth-heldout
211,2630,4025.08450002,6.527443885803223,0.08290369808673859,6.444540187716484,yes,0.15712778270244598,0.45171022415161133,docs/thesis_evidence/remote_exp008_depth_blocked_train/prediction_summary.csv,EXP-008 high-severity context window; single-well depth-heldout
212,2631,4025.59245417,5.389732360839844,0.060295552015304565,5.329436808824539,yes,0.16513298451900482,0.436737060546875,docs/thesis_evidence/remote_exp008_depth_blocked_train/prediction_summary.csv,EXP-008 high-severity context window; single-well depth-heldout
213,2632,4026.08882287,2.4187278747558594,0.09795784205198288,2.3207700327038765,context,0.11340108513832092,0.2950283885002136,docs/thesis_evidence/remote_exp008_depth_blocked_train/prediction_summary.csv,EXP-008 high-severity context window; single-well depth-heldout
214,2633,4026.56886189,1.3665211200714111,0.04529867693781853,1.3212224431335926,context,0.08349950611591339,0.2181648164987564,docs/thesis_evidence/remote_exp008_depth_blocked_train/prediction_summary.csv,EXP-008 high-severity context window; single-well depth-heldout
215,2634,4027.06487736,1.5031260251998901,0.0446118526160717,1.4585141725838184,context,0.06922534853219986,0.20076318085193634,docs/thesis_evidence/remote_exp008_depth_blocked_train/prediction_summary.csv,EXP-008 high-severity context window; single-well depth-heldout
216,2635,4027.55575133,1.7215967178344727,0.052741169929504395,1.6688555479049683,context,0.035648051649332047,0.14669686555862427,docs/thesis_evidence/remote_exp008_depth_blocked_train/prediction_summary.csv,EXP-008 high-severity context window; single-well depth-heldout
217,2636,4028.0460911,0.0,0.1701640635728836,-0.1701640635728836,context,0.032622527331113815,0.07224417477846146,docs/thesis_evidence/remote_exp008_depth_blocked_train/prediction_summary.csv,EXP-008 high-severity context window; single-well depth-heldout
218,2637,4028.66504817,0.0,0.041293323040008545,-0.041293323040008545,context,0.00342561025172472,0.01311391219496727,docs/thesis_evidence/remote_exp008_depth_blocked_train/prediction_summary.csv,EXP-008 high-severity context window; single-well depth-heldout
219,2638,4029.27713115,0.0,0.05333423614501953,-0.05333423614501953,context,0.012555655092000961,0.03343430161476135,docs/thesis_evidence/remote_exp008_depth_blocked_train/prediction_summary.csv,EXP-008 high-severity context window; single-well depth-heldout
220,2639,4029.54365314,0.0,0.15521587431430817,-0.15521587431430817,context,0.02781439572572708,0.06327223777770996,docs/thesis_evidence/remote_exp008_depth_blocked_train/prediction_summary.csv,EXP-008 high-severity context window; single-well depth-heldout
221,2640,4030.0422166,0.0,0.04633605480194092,-0.04633605480194092,context,0.007020439021289349,0.01898788847029209,docs/thesis_evidence/remote_exp008_depth_blocked_train/prediction_summary.csv,EXP-008 high-severity context window; single-well depth-heldout
222,2641,4030.53184381,0.0,0.046696025878190994,-0.046696025878190994,context,0.004975334275513887,0.017666758969426155,docs/thesis_evidence/remote_exp008_depth_blocked_train/prediction_summary.csv,EXP-008 high-severity context window; single-well depth-heldout
223,2642,4031.0411577,0.0,0.04244929552078247,-0.04244929552078247,context,0.004443116020411253,0.01620866172015667,docs/thesis_evidence/remote_exp008_depth_blocked_train/prediction_summary.csv,EXP-008 high-severity context window; single-well depth-heldout
224,2643,4031.55200597,0.0,0.05224812030792236,-0.05224812030792236,context,0.0029131490737199783,0.011752310208976269,docs/thesis_evidence/remote_exp008_depth_blocked_train/prediction_summary.csv,EXP-008 high-severity context window; single-well depth-heldout
225,2644,4032.04154174,0.0,0.05764619633555412,-0.05764619633555412,context,0.003989185206592083,0.015583309344947338,docs/thesis_evidence/remote_exp008_depth_blocked_train/prediction_summary.csv,EXP-008 high-severity context window; single-well depth-heldout
226,2645,4032.55127196,0.0,0.04483652114868164,-0.04483652114868164,context,0.003641403280198574,0.014272037893533707,docs/thesis_evidence/remote_exp008_depth_blocked_train/prediction_summary.csv,EXP-008 high-severity context window; single-well depth-heldout
227,2646,4033.05329884,0.0,0.031299035996198654,-0.031299035996198654,context,0.004523227456957102,0.01762825809419155,docs/thesis_evidence/remote_exp008_depth_blocked_train/prediction_summary.csv,EXP-008 high-severity context window; single-well depth-heldout
228,2647,4033.5649295,0.0,0.026121973991394043,-0.026121973991394043,context,0.003650231519713998,0.014748916029930115,docs/thesis_evidence/remote_exp008_depth_blocked_train/prediction_summary.csv,EXP-008 high-severity context window; single-well depth-heldout
229,2648,4034.07491114,0.0,0.032569050788879395,-0.032569050788879395,context,0.009536118246614933,0.028571393340826035,docs/thesis_evidence/remote_exp008_depth_blocked_train/prediction_summary.csv,EXP-008 high-severity context window; single-well depth-heldout
230,2649,4034.56209563,0.0,0.02942737005650997,-0.02942737005650997,context,0.0025143842212855816,0.01067592203617096,docs/thesis_evidence/remote_exp008_depth_blocked_train/prediction_summary.csv,EXP-008 high-severity context window; single-well depth-heldout
231,2650,4035.05870038,0.0,0.029775619506835938,-0.029775619506835938,context,0.0025100447237491608,0.01072334311902523,docs/thesis_evidence/remote_exp008_depth_blocked_train/prediction_summary.csv,EXP-008 high-severity context window; single-well depth-heldout
232,2651,4035.5668396,0.0,0.02939477004110813,-0.02939477004110813,context,0.003950483165681362,0.013207993470132351,docs/thesis_evidence/remote_exp008_depth_blocked_train/prediction_summary.csv,EXP-008 high-severity context window; single-well depth-heldout
233,2652,4036.0450956,0.0,0.03281092643737793,-0.03281092643737793,context,0.005680534522980452,0.016139470040798187,docs/thesis_evidence/remote_exp008_depth_blocked_train/prediction_summary.csv,EXP-008 high-severity context window; single-well depth-heldout
234,2653,4036.56093062,0.0,0.034266889095306396,-0.034266889095306396,context,0.008120393380522728,0.020206859335303307,docs/thesis_evidence/remote_exp008_depth_blocked_train/prediction_summary.csv,EXP-008 high-severity context window; single-well depth-heldout
235,2654,4037.05018141,0.0,0.032967180013656616,-0.032967180013656616,context,0.0035344245843589306,0.01305082906037569,docs/thesis_evidence/remote_exp008_depth_blocked_train/prediction_summary.csv,EXP-008 high-severity context window; single-well depth-heldout
236,2655,4037.55811981,0.0,0.052893996238708496,-0.052893996238708496,context,0.007955745793879032,0.025258377194404602,docs/thesis_evidence/remote_exp008_depth_blocked_train/prediction_summary.csv,EXP-008 high-severity context window; single-well depth-heldout
237,2656,4038.05265086,0.0,0.05038265883922577,-0.05038265883922577,context,0.015236841514706612,0.039350029081106186,docs/thesis_evidence/remote_exp008_depth_blocked_train/prediction_summary.csv,EXP-008 high-severity context window; single-well depth-heldout
238,2657,4038.5316638,0.0,0.061966460198163986,-0.061966460198163986,context,0.01056224387139082,0.03070162981748581,docs/thesis_evidence/remote_exp008_depth_blocked_train/prediction_summary.csv,EXP-008 high-severity context window; single-well depth-heldout
239,2658,4039.03574402,0.0,0.04296271130442619,-0.04296271130442619,context,0.00847474206238985,0.026116566732525826,docs/thesis_evidence/remote_exp008_depth_blocked_train/prediction_summary.csv,EXP-008 high-severity context window; single-well depth-heldout
240,2659,4039.5473009,0.0,0.04511260986328125,-0.04511260986328125,context,0.0030850800685584545,0.011647279374301434,docs/thesis_evidence/remote_exp008_depth_blocked_train/prediction_summary.csv,EXP-008 high-severity context window; single-well depth-heldout
241,2660,4040.02723169,0.0,0.0,0.0,context,0.005498731508851051,0.019024686887860298,docs/thesis_evidence/remote_exp008_depth_blocked_train/prediction_summary.csv,EXP-008 high-severity context window; single-well depth-heldout
242,2661,4040.52914892,0.0,0.01999729871749878,-0.01999729871749878,context,0.005347448866814375,0.018688911572098732,docs/thesis_evidence/remote_exp008_depth_blocked_train/prediction_summary.csv,EXP-008 high-severity context window; single-well depth-heldout
243,2662,4041.02271957,0.0,0.046775154769420624,-0.046775154769420624,context,0.0037024933844804764,0.01423218846321106,docs/thesis_evidence/remote_exp008_depth_blocked_train/prediction_summary.csv,EXP-008 high-severity context window; single-well depth-heldout
244,2663,4041.51676529,0.0,0.051317837089300156,-0.051317837089300156,context,0.008718647994101048,0.022165881469845772,docs/thesis_evidence/remote_exp008_depth_blocked_train/prediction_summary.csv,EXP-008 high-severity context window; single-well depth-heldout
245,2664,4042.02314671,0.0,0.0344841368496418,-0.0344841368496418,context,0.0044267550110816956,0.014709465205669403,docs/thesis_evidence/remote_exp008_depth_blocked_train/prediction_summary.csv,EXP-008 high-severity context window; single-well depth-heldout
246,2665,4042.51602116,0.0,0.04790666699409485,-0.04790666699409485,context,0.003774309763684869,0.014989381656050682,docs/thesis_evidence/remote_exp008_depth_blocked_train/prediction_summary.csv,EXP-008 high-severity context window; single-well depth-heldout
247,2666,4043.01220219,0.0,0.02713310718536377,-0.02713310718536377,context,0.004645576700568199,0.017157936468720436,docs/thesis_evidence/remote_exp008_depth_blocked_train/prediction_summary.csv,EXP-008 high-severity context window; single-well depth-heldout
248,2667,4043.50995812,0.0,0.056421101093292236,-0.056421101093292236,context,0.0076895602978765965,0.02422802895307541,docs/thesis_evidence/remote_exp008_depth_blocked_train/prediction_summary.csv,EXP-008 high-severity context window; single-well depth-heldout
249,2668,4043.99727327,0.0,0.02661120891571045,-0.02661120891571045,context,0.007066900841891766,0.02236618660390377,docs/thesis_evidence/remote_exp008_depth_blocked_train/prediction_summary.csv,EXP-008 high-severity context window; single-well depth-heldout
250,2669,4044.49935492,0.0,0.04006723687052727,-0.04006723687052727,context,0.008929223753511906,0.02638106420636177,docs/thesis_evidence/remote_exp008_depth_blocked_train/prediction_summary.csv,EXP-008 high-severity context window; single-well depth-heldout
251,2670,4044.99495107,0.0,0.023833751678466797,-0.023833751678466797,context,0.004080064594745636,0.01598196290433407,docs/thesis_evidence/remote_exp008_depth_blocked_train/prediction_summary.csv,EXP-008 high-severity context window; single-well depth-heldout
252,2671,4045.49026603,0.0,0.15256083011627197,-0.15256083011627197,context,0.029564201831817627,0.06859897077083588,docs/thesis_evidence/remote_exp008_depth_blocked_train/prediction_summary.csv,EXP-008 high-severity context window; single-well depth-heldout
253,2672,4045.99369938,0.0,0.15500564873218536,-0.15500564873218536,context,0.02979375794529915,0.06939169019460678,docs/thesis_evidence/remote_exp008_depth_blocked_train/prediction_summary.csv,EXP-008 high-severity context window; single-well depth-heldout
254,2673,4046.4805822,0.0,0.04157555103302002,-0.04157555103302002,context,0.004553735721856356,0.016363125294446945,docs/thesis_evidence/remote_exp008_depth_blocked_train/prediction_summary.csv,EXP-008 high-severity context window; single-well depth-heldout
255,2674,4046.95596035,0.0,0.011866092681884766,-0.011866092681884766,context,0.006142165046185255,0.01956821233034134,docs/thesis_evidence/remote_exp008_depth_blocked_train/prediction_summary.csv,EXP-008 high-severity context window; single-well depth-heldout
256,2675,4047.45730088,0.0,0.043929100036621094,-0.043929100036621094,context,0.007092064246535301,0.022357970476150513,docs/thesis_evidence/remote_exp008_depth_blocked_train/prediction_summary.csv,EXP-008 high-severity context window; single-well depth-heldout
257,2676,4047.95730089,0.0,0.06370989978313446,-0.06370989978313446,context,0.013293884694576263,0.03590462729334831,docs/thesis_evidence/remote_exp008_depth_blocked_train/prediction_summary.csv,EXP-008 high-severity context window; single-well depth-heldout
258,2677,4048.45759332,0.0,0.06540866196155548,-0.06540866196155548,context,0.015838950872421265,0.04050518199801445,docs/thesis_evidence/remote_exp008_depth_blocked_train/prediction_summary.csv,EXP-008 high-severity context window; single-well depth-heldout
259,2678,4048.95247949,0.0,0.4540453553199768,-0.4540453553199768,context,0.055468373000621796,0.12055161595344543,docs/thesis_evidence/remote_exp008_depth_blocked_train/prediction_summary.csv,EXP-008 high-severity context window; single-well depth-heldout
260,2679,4049.44594603,0.0,0.03696061670780182,-0.03696061670780182,context,0.013101572170853615,0.0349947027862072,docs/thesis_evidence/remote_exp008_depth_blocked_train/prediction_summary.csv,EXP-008 high-severity context window; single-well depth-heldout
261,2680,4049.94824756,0.0,0.07641083747148514,-0.07641083747148514,context,0.016629327088594437,0.04155689850449562,docs/thesis_evidence/remote_exp008_depth_blocked_train/prediction_summary.csv,EXP-008 high-severity context window; single-well depth-heldout
262,2681,4050.45003115,0.0,0.27469953894615173,-0.27469953894615173,context,0.03958548977971077,0.08910104632377625,docs/thesis_evidence/remote_exp008_depth_blocked_train/prediction_summary.csv,EXP-008 high-severity context window; single-well depth-heldout
263,2682,4050.93270704,0.0,0.2484242469072342,-0.2484242469072342,context,0.035223931074142456,0.08044154196977615,docs/thesis_evidence/remote_exp008_depth_blocked_train/prediction_summary.csv,EXP-008 high-severity context window; single-well depth-heldout
264,2683,4051.42598033,0.0,0.3221513330936432,-0.3221513330936432,context,0.04180357977747917,0.09387250244617462,docs/thesis_evidence/remote_exp008_depth_blocked_train/prediction_summary.csv,EXP-008 high-severity context window; single-well depth-heldout
265,2684,4052.05733561,0.0,0.616537868976593,-0.616537868976593,context,0.06509776413440704,0.14053739607334137,docs/thesis_evidence/remote_exp008_depth_blocked_train/prediction_summary.csv,EXP-008 high-severity context window; single-well depth-heldout
266,2685,4052.71810183,0.0,0.7769570350646973,-0.7769570350646973,context,0.07702609151601791,0.16623102128505707,docs/thesis_evidence/remote_exp008_depth_blocked_train/prediction_summary.csv,EXP-008 high-severity context window; single-well depth-heldout
267,2686,4052.92858193,0.0,0.8859742879867554,-0.8859742879867554,context,0.08418913185596466,0.1813911646604538,docs/thesis_evidence/remote_exp008_depth_blocked_train/prediction_summary.csv,EXP-008 high-severity context window; single-well depth-heldout
268,2687,4053.42294609,0.0,0.5707337856292725,-0.5707337856292725,context,0.06286748498678207,0.13638487458229065,docs/thesis_evidence/remote_exp008_depth_blocked_train/prediction_summary.csv,EXP-008 high-severity context window; single-well depth-heldout
269,2688,4053.92479684,0.0,0.27437782287597656,-0.27437782287597656,context,0.03873371705412865,0.08568262308835983,docs/thesis_evidence/remote_exp008_depth_blocked_train/prediction_summary.csv,EXP-008 high-severity context window; single-well depth-heldout
270,2689,4054.43410493,0.0,0.019497593864798546,-0.019497593864798546,context,0.007634306326508522,0.025156628340482712,docs/thesis_evidence/remote_exp008_depth_blocked_train/prediction_summary.csv,EXP-008 high-severity context window; single-well depth-heldout
271,2690,4054.91036278,0.0,0.2971903383731842,-0.2971903383731842,context,0.04041279852390289,0.09038928896188736,docs/thesis_evidence/remote_exp008_depth_blocked_train/prediction_summary.csv,EXP-008 high-severity context window; single-well depth-heldout
272,2691,4055.41223891,0.0,0.2543592154979706,-0.2543592154979706,context,0.03670746833086014,0.0824938490986824,docs/thesis_evidence/remote_exp008_depth_blocked_train/prediction_summary.csv,EXP-008 high-severity context window; single-well depth-heldout
273,2692,4055.91899076,0.0,0.36397406458854675,-0.36397406458854675,context,0.048413947224617004,0.10651212930679321,docs/thesis_evidence/remote_exp008_depth_blocked_train/prediction_summary.csv,EXP-008 high-severity context window; single-well depth-heldout
274,2693,4056.39728061,0.0,0.27841708064079285,-0.27841708064079285,context,0.041027896106243134,0.09035452455282211,docs/thesis_evidence/remote_exp008_depth_blocked_train/prediction_summary.csv,EXP-008 high-severity context window; single-well depth-heldout
275,2694,4056.9060164,0.0,0.28373998403549194,-0.28373998403549194,context,0.04210297390818596,0.09264909476041794,docs/thesis_evidence/remote_exp008_depth_blocked_train/prediction_summary.csv,EXP-008 high-severity context window; single-well depth-heldout
276,2695,4057.40157577,0.0,0.034548740833997726,-0.034548740833997726,context,0.006641369313001633,0.022646773606538773,docs/thesis_evidence/remote_exp008_depth_blocked_train/prediction_summary.csv,EXP-008 high-severity context window; single-well depth-heldout
277,2696,4057.88218542,0.0,0.03932380676269531,-0.03932380676269531,context,0.00841912068426609,0.026459386572241783,docs/thesis_evidence/remote_exp008_depth_blocked_train/prediction_summary.csv,EXP-008 high-severity context window; single-well depth-heldout
278,2697,4058.38505818,0.0,0.03961818292737007,-0.03961818292737007,context,0.00956530962139368,0.028907885774970055,docs/thesis_evidence/remote_exp008_depth_blocked_train/prediction_summary.csv,EXP-008 high-severity context window; single-well depth-heldout
279,2698,4058.87114179,0.0,0.07738043367862701,-0.07738043367862701,context,0.01579241082072258,0.041236937046051025,docs/thesis_evidence/remote_exp008_depth_blocked_train/prediction_summary.csv,EXP-008 high-severity context window; single-well depth-heldout
280,2699,4059.36247565,0.0,0.07465149462223053,-0.07465149462223053,context,0.016493644565343857,0.04279658943414688,docs/thesis_evidence/remote_exp008_depth_blocked_train/prediction_summary.csv,EXP-008 high-severity context window; single-well depth-heldout
281,2700,4059.88129156,0.0,0.16694970428943634,-0.16694970428943634,context,0.028674356639385223,0.06616996973752975,docs/thesis_evidence/remote_exp008_depth_blocked_train/prediction_summary.csv,EXP-008 high-severity context window; single-well depth-heldout
282,2701,4060.36247605,0.0,0.05378883332014084,-0.05378883332014084,context,0.01276416052132845,0.03563183918595314,docs/thesis_evidence/remote_exp008_depth_blocked_train/prediction_summary.csv,EXP-008 high-severity context window; single-well depth-heldout
283,2702,4060.86388689,0.0,0.07373879104852676,-0.07373879104852676,context,0.017113234847784042,0.04439108073711395,docs/thesis_evidence/remote_exp008_depth_blocked_train/prediction_summary.csv,EXP-008 high-severity context window; single-well depth-heldout
284,2703,4061.37430915,0.0,0.019846677780151367,-0.019846677780151367,context,0.004375361371785402,0.016583401709794998,docs/thesis_evidence/remote_exp008_depth_blocked_train/prediction_summary.csv,EXP-008 high-severity context window; single-well depth-heldout
285,2704,4061.86049641,0.0,0.15204039216041565,-0.15204039216041565,context,0.027984032407402992,0.06600914895534515,docs/thesis_evidence/remote_exp008_depth_blocked_train/prediction_summary.csv,EXP-008 high-severity context window; single-well depth-heldout
286,2705,4062.36095952,0.0,0.14792844653129578,-0.14792844653129578,context,0.027890492230653763,0.06564802676439285,docs/thesis_evidence/remote_exp008_depth_blocked_train/prediction_summary.csv,EXP-008 high-severity context window; single-well depth-heldout
287,2706,4062.8620602,0.0,0.061771463602781296,-0.061771463602781296,context,0.01338687539100647,0.03773517906665802,docs/thesis_evidence/remote_exp008_depth_blocked_train/prediction_summary.csv,EXP-008 high-severity context window; single-well depth-heldout
288,2707,4063.35563118,0.0,0.05343176797032356,-0.05343176797032356,context,0.009889019653201103,0.02870798297226429,docs/thesis_evidence/remote_exp008_depth_blocked_train/prediction_summary.csv,EXP-008 high-severity context window; single-well depth-heldout
289,2708,4063.85869759,0.0,0.05648218095302582,-0.05648218095302582,context,0.01170351542532444,0.032786041498184204,docs/thesis_evidence/remote_exp008_depth_blocked_train/prediction_summary.csv,EXP-008 high-severity context window; single-well depth-heldout
290,2709,4064.34442291,0.0,0.17088653147220612,-0.17088653147220612,context,0.02709721215069294,0.06391904503107071,docs/thesis_evidence/remote_exp008_depth_blocked_train/prediction_summary.csv,EXP-008 high-severity context window; single-well depth-heldout
291,2710,4064.83745419,0.0,0.1046639233827591,-0.1046639233827591,context,0.01981378346681595,0.04920236021280289,docs/thesis_evidence/remote_exp008_depth_blocked_train/prediction_summary.csv,EXP-008 high-severity context window; single-well depth-heldout
292,2711,4065.34144355,0.0,0.29276278614997864,-0.29276278614997864,context,0.039519477635622025,0.08883678168058395,docs/thesis_evidence/remote_exp008_depth_blocked_train/prediction_summary.csv,EXP-008 high-severity context window; single-well depth-heldout
293,2712,4065.83536946,0.0,0.06027346849441528,-0.06027346849441528,context,0.013238971121609211,0.03651111572980881,docs/thesis_evidence/remote_exp008_depth_blocked_train/prediction_summary.csv,EXP-008 high-severity context window; single-well depth-heldout
294,2713,4066.33990805,0.0,0.1239575669169426,-0.1239575669169426,context,0.019414138048887253,0.048820868134498596,docs/thesis_evidence/remote_exp008_depth_blocked_train/prediction_summary.csv,EXP-008 high-severity context window; single-well depth-heldout
295,2714,4066.8420123,0.0,0.035621702671051025,-0.035621702671051025,context,0.007846511900424957,0.0254678837954998,docs/thesis_evidence/remote_exp008_depth_blocked_train/prediction_summary.csv,EXP-008 high-severity context window; single-well depth-heldout
296,2715,4067.32980768,0.0,0.04133337736129761,-0.04133337736129761,context,0.00834417063742876,0.02696038968861103,docs/thesis_evidence/remote_exp008_depth_blocked_train/prediction_summary.csv,EXP-008 high-severity context window; single-well depth-heldout
297,2716,4067.82390024,0.0,0.027851978316903114,-0.027851978316903114,context,0.008657249622046947,0.0274212583899498,docs/thesis_evidence/remote_exp008_depth_blocked_train/prediction_summary.csv,EXP-008 high-severity context window; single-well depth-heldout
298,2717,4068.32048366,0.0,0.07465358078479767,-0.07465358078479767,context,0.01454813964664936,0.03862474113702774,docs/thesis_evidence/remote_exp008_depth_blocked_train/prediction_summary.csv,EXP-008 high-severity context window; single-well depth-heldout
299,2718,4068.81489164,0.0,0.09727075695991516,-0.09727075695991516,context,0.015753544867038727,0.04217664897441864,docs/thesis_evidence/remote_exp008_depth_blocked_train/prediction_summary.csv,EXP-008 high-severity context window; single-well depth-heldout
300,2719,4069.31818547,0.0,0.02268117666244507,-0.02268117666244507,context,0.008001614362001419,0.026038289070129395,docs/thesis_evidence/remote_exp008_depth_blocked_train/prediction_summary.csv,EXP-008 high-severity context window; single-well depth-heldout
301,2720,4069.81244309,0.0,0.44664812088012695,-0.44664812088012695,context,0.05394162982702255,0.11863067001104355,docs/thesis_evidence/remote_exp008_depth_blocked_train/prediction_summary.csv,EXP-008 high-severity context window; single-well depth-heldout
302,2721,4070.30769291,0.0,0.5944191217422485,-0.5944191217422485,context,0.06594724208116531,0.14354784786701202,docs/thesis_evidence/remote_exp008_depth_blocked_train/prediction_summary.csv,EXP-008 high-severity context window; single-well depth-heldout
303,2722,4070.8043358,0.0,0.06522967666387558,-0.06522967666387558,context,0.012062782421708107,0.033935531973838806,docs/thesis_evidence/remote_exp008_depth_blocked_train/prediction_summary.csv,EXP-008 high-severity context window; single-well depth-heldout
304,2723,4071.29553818,0.0,0.541025698184967,-0.541025698184967,context,0.06113173067569733,0.13307388126850128,docs/thesis_evidence/remote_exp008_depth_blocked_train/prediction_summary.csv,EXP-008 high-severity context window; single-well depth-heldout
305,2724,4071.78137635,0.0,0.2892754077911377,-0.2892754077911377,context,0.040459077805280685,0.08979335427284241,docs/thesis_evidence/remote_exp008_depth_blocked_train/prediction_summary.csv,EXP-008 high-severity context window; single-well depth-heldout
306,2725,4072.28461769,0.0,0.075777567923069,-0.075777567923069,context,0.016084283590316772,0.04256414249539375,docs/thesis_evidence/remote_exp008_depth_blocked_train/prediction_summary.csv,EXP-008 high-severity context window; single-well depth-heldout
307,2726,4072.78371852,0.0,0.02106189727783203,-0.02106189727783203,context,0.006365086883306503,0.020933454856276512,docs/thesis_evidence/remote_exp008_depth_blocked_train/prediction_summary.csv,EXP-008 high-severity context window; single-well depth-heldout
308,2727,4073.29455201,0.0,0.05129530280828476,-0.05129530280828476,context,0.009661132469773293,0.029303791001439095,docs/thesis_evidence/remote_exp008_depth_blocked_train/prediction_summary.csv,EXP-008 high-severity context window; single-well depth-heldout
309,2728,4073.78376164,0.0,0.042469073086977005,-0.042469073086977005,context,0.011113855987787247,0.031887054443359375,docs/thesis_evidence/remote_exp008_depth_blocked_train/prediction_summary.csv,EXP-008 high-severity context window; single-well depth-heldout
310,2729,4074.27509266,0.0,0.035433411598205566,-0.035433411598205566,context,0.006462228484451771,0.02158796787261963,docs/thesis_evidence/remote_exp008_depth_blocked_train/prediction_summary.csv,EXP-008 high-severity context window; single-well depth-heldout
311,2730,4074.79154702,0.0,0.08430147171020508,-0.08430147171020508,context,0.005056358408182859,0.019109569489955902,docs/thesis_evidence/remote_exp008_depth_blocked_train/prediction_summary.csv,EXP-008 high-severity context window; single-well depth-heldout
312,2731,4075.29003326,0.0,0.14452598989009857,-0.14452598989009857,context,0.028037402778863907,0.06566239893436432,docs/thesis_evidence/remote_exp008_depth_blocked_train/prediction_summary.csv,EXP-008 high-severity context window; single-well depth-heldout
313,2732,4075.78180372,4.6007771492004395,0.06870121508836746,4.532075934112072,context,0.053913552314043045,0.2325042337179184,docs/thesis_evidence/remote_exp008_depth_blocked_train/prediction_summary.csv,EXP-008 high-severity context window; single-well depth-heldout
314,2733,4076.26703378,5.3999528884887695,0.09092854708433151,5.309024341404438,yes,0.13183312118053436,0.41283881664276123,docs/thesis_evidence/remote_exp008_depth_blocked_train/prediction_summary.csv,EXP-008 high-severity context window; single-well depth-heldout
315,2734,4076.77261899,4.8525824546813965,0.1341535896062851,4.718428865075111,context,0.13497158885002136,0.4060976505279541,docs/thesis_evidence/remote_exp008_depth_blocked_train/prediction_summary.csv,EXP-008 high-severity context window; single-well depth-heldout
316,2735,4077.27418723,4.8525824546813965,0.18210573494434357,4.670476719737053,context,0.13859514892101288,0.40390440821647644,docs/thesis_evidence/remote_exp008_depth_blocked_train/prediction_summary.csv,EXP-008 high-severity context window; single-well depth-heldout
317,2736,4077.74944481,4.978484630584717,0.08027887344360352,4.898205757141113,context,0.0959601104259491,0.3553279638290405,docs/thesis_evidence/remote_exp008_depth_blocked_train/prediction_summary.csv,EXP-008 high-severity context window; single-well depth-heldout
318,2737,4078.23499056,0.4736170768737793,0.1353350281715393,0.33828204870224,context,0.02643733285367489,0.06290525943040848,docs/thesis_evidence/remote_exp008_depth_blocked_train/prediction_summary.csv,EXP-008 high-severity context window; single-well depth-heldout
319,2738,4078.73518826,0.0,0.06818772852420807,-0.06818772852420807,context,0.01524703111499548,0.03978761285543442,docs/thesis_evidence/remote_exp008_depth_blocked_train/prediction_summary.csv,EXP-008 high-severity context window; single-well depth-heldout
320,2739,4079.21890135,5.1059465408325195,0.287259042263031,4.8186874985694885,yes,0.05264182761311531,0.15219923853874207,docs/thesis_evidence/remote_exp008_depth_blocked_train/prediction_summary.csv,EXP-008 high-severity context window; single-well depth-heldout
321,2740,4079.72395352,5.1059465408325195,0.3574756681919098,4.74847087264061,yes,0.05703290179371834,0.1524445116519928,docs/thesis_evidence/remote_exp008_depth_blocked_train/prediction_summary.csv,EXP-008 high-severity context window; single-well depth-heldout
322,2741,4080.20894758,5.1059465408325195,0.2137262374162674,4.892220303416252,yes,0.04791828244924545,0.14694401621818542,docs/thesis_evidence/remote_exp008_depth_blocked_train/prediction_summary.csv,EXP-008 high-severity context window; single-well depth-heldout
323,2742,4080.70485344,1.4666500091552734,0.11875220388174057,1.3478978052735329,context,0.038803450763225555,0.14481405913829803,docs/thesis_evidence/remote_exp008_depth_blocked_train/prediction_summary.csv,EXP-008 high-severity context window; single-well depth-heldout
324,2743,4081.21175413,1.9447814226150513,0.03371626138687134,1.91106516122818,context,0.07721302658319473,0.26542359590530396,docs/thesis_evidence/remote_exp008_depth_blocked_train/prediction_summary.csv,EXP-008 high-severity context window; single-well depth-heldout
325,2744,4081.70891764,2.169179677963257,0.037967510521411896,2.131212167441845,context,0.13453741371631622,0.35342636704444885,docs/thesis_evidence/remote_exp008_depth_blocked_train/prediction_summary.csv,EXP-008 high-severity context window; single-well depth-heldout
326,2745,4082.21044225,1.918989658355713,0.04264197498559952,1.8763476833701134,context,0.16470208764076233,0.3862026035785675,docs/thesis_evidence/remote_exp008_depth_blocked_train/prediction_summary.csv,EXP-008 high-severity context window; single-well depth-heldout
327,2746,4082.70547264,2.0333189964294434,0.04308605194091797,1.9902329444885254,context,0.19451358914375305,0.4163742959499359,docs/thesis_evidence/remote_exp008_depth_blocked_train/prediction_summary.csv,EXP-008 high-severity context window; single-well depth-heldout
328,2747,4083.19432563,1.5904890298843384,0.26452797651290894,1.3259610533714294,context,0.13358615338802338,0.3047938048839569,docs/thesis_evidence/remote_exp008_depth_blocked_train/prediction_summary.csv,EXP-008 high-severity context window; single-well depth-heldout
329,2748,4083.68785255,2.1858327388763428,0.5146133303642273,1.6712194085121155,context,0.12533533573150635,0.3043290674686432,docs/thesis_evidence/remote_exp008_depth_blocked_train/prediction_summary.csv,EXP-008 high-severity context window; single-well depth-heldout
330,2749,4084.17418683,3.1226067543029785,0.043874431401491165,3.0787323229014874,context,0.1900380551815033,0.45324525237083435,docs/thesis_evidence/remote_exp008_depth_blocked_train/prediction_summary.csv,EXP-008 high-severity context window; single-well depth-heldout
331,2750,4084.66623547,5.277401924133301,0.0836971178650856,5.193704806268215,yes,0.23611104488372803,0.5483020544052124,docs/thesis_evidence/remote_exp008_depth_blocked_train/prediction_summary.csv,EXP-008 high-severity context window; single-well depth-heldout
332,2751,4085.16443169,7.290231227874756,0.015111386775970459,7.275119841098785,yes,0.31671130657196045,0.6753523945808411,docs/thesis_evidence/remote_exp008_depth_blocked_train/prediction_summary.csv,EXP-008 high-severity context window; single-well depth-heldout
333,2752,4085.65320727,8.560823440551758,0.15678925812244415,8.404034182429314,yes,0.3080361783504486,0.6601588726043701,docs/thesis_evidence/remote_exp008_depth_blocked_train/prediction_summary.csv,EXP-008 high-severity context window; single-well depth-heldout
334,2753,4086.15183678,9.436838150024414,0.0435895174741745,9.39324863255024,yes,0.32332152128219604,0.7032777070999146,docs/thesis_evidence/remote_exp008_depth_blocked_train/prediction_summary.csv,EXP-008 high-severity context window; single-well depth-heldout
335,2754,4086.65182806,10.439483642578125,0.010561466217041016,10.428922176361084,yes,0.3528444170951843,0.7501596212387085,docs/thesis_evidence/remote_exp008_depth_blocked_train/prediction_summary.csv,EXP-008 high-severity context window; single-well depth-heldout
336,2755,4087.14169383,11.49058723449707,0.03239312767982483,11.458194106817245,yes,0.3671913743019104,0.7748749852180481,docs/thesis_evidence/remote_exp008_depth_blocked_train/prediction_summary.csv,EXP-008 high-severity context window; single-well depth-heldout
337,2756,4087.62970399,10.414165496826172,0.07869187742471695,10.335473619401455,yes,0.33655354380607605,0.7235051989555359,docs/thesis_evidence/remote_exp008_depth_blocked_train/prediction_summary.csv,EXP-008 high-severity context window; single-well depth-heldout
338,2757,4088.11055652,8.891827583312988,0.030034640803933144,8.861792942509055,yes,0.32215484976768494,0.6967862844467163,docs/thesis_evidence/remote_exp008_depth_blocked_train/prediction_summary.csv,EXP-008 high-severity context window; single-well depth-heldout
339,2758,4088.59871826,7.150242805480957,0.06982561200857162,7.080417193472385,yes,0.2857966125011444,0.6248400211334229,docs/thesis_evidence/remote_exp008_depth_blocked_train/prediction_summary.csv,EXP-008 high-severity context window; single-well depth-heldout
340,2759,4089.09855106,5.59121561050415,0.5883948802947998,5.002820730209351,yes,0.20649826526641846,0.4533891975879669,docs/thesis_evidence/remote_exp008_depth_blocked_train/prediction_summary.csv,EXP-008 high-severity context window; single-well depth-heldout
341,2760,4089.59121035,5.197704315185547,0.060476720333099365,5.1372275948524475,yes,0.2544563114643097,0.533023476600647,docs/thesis_evidence/remote_exp008_depth_blocked_train/prediction_summary.csv,EXP-008 high-severity context window; single-well depth-heldout
342,2761,4090.20935689,6.487417697906494,0.09953826665878296,6.387879431247711,yes,0.2769806981086731,0.5723031163215637,docs/thesis_evidence/remote_exp008_depth_blocked_train/prediction_summary.csv,EXP-008 high-severity context window; single-well depth-heldout
343,2762,4090.84290388,6.232220649719238,0.08354420214891434,6.148676447570324,yes,0.28028014302253723,0.5806576013565063,docs/thesis_evidence/remote_exp008_depth_blocked_train/prediction_summary.csv,EXP-008 high-severity context window; single-well depth-heldout
344,2763,4091.06536412,6.219091892242432,0.13825981318950653,6.080832079052925,yes,0.2749309837818146,0.5708763003349304,docs/thesis_evidence/remote_exp008_depth_blocked_train/prediction_summary.csv,EXP-008 high-severity context window; single-well depth-heldout
345,2764,4091.55513096,6.390437602996826,0.2698380649089813,6.120599538087845,yes,0.26442673802375793,0.5559679865837097,docs/thesis_evidence/remote_exp008_depth_blocked_train/prediction_summary.csv,EXP-008 high-severity context window; single-well depth-heldout
346,2765,4092.0521649,7.509604454040527,0.3446642756462097,7.164940178394318,yes,0.2749072015285492,0.5754038691520691,docs/thesis_evidence/remote_exp008_depth_blocked_train/prediction_summary.csv,EXP-008 high-severity context window; single-well depth-heldout
347,2766,4092.54516542,8.060545921325684,0.11493681371212006,7.9456091076135635,yes,0.3028373122215271,0.6329299211502075,docs/thesis_evidence/remote_exp008_depth_blocked_train/prediction_summary.csv,EXP-008 high-severity context window; single-well depth-heldout
348,2767,4093.10184559,8.982671737670898,0.15343701839447021,8.829234719276428,yes,0.3071385324001312,0.641594409942627,docs/thesis_evidence/remote_exp008_depth_blocked_train/prediction_summary.csv,EXP-008 high-severity context window; single-well depth-heldout
349,2768,4093.99083288,8.786683082580566,0.3124234974384308,8.474259585142136,yes,0.28836163878440857,0.6067338585853577,docs/thesis_evidence/remote_exp008_depth_blocked_train/prediction_summary.csv,EXP-008 high-severity context window; single-well depth-heldout
350,2769,4094.03908993,8.697404861450195,0.37423181533813477,8.32317304611206,yes,0.28282296657562256,0.5946340560913086,docs/thesis_evidence/remote_exp008_depth_blocked_train/prediction_summary.csv,EXP-008 high-severity context window; single-well depth-heldout
351,2770,4094.51166684,8.93678092956543,1.075777530670166,7.861003398895264,yes,0.2421489953994751,0.5159347653388977,docs/thesis_evidence/remote_exp008_depth_blocked_train/prediction_summary.csv,EXP-008 high-severity context window; single-well depth-heldout
352,2771,4095.00488103,12.183514595031738,0.666356086730957,11.517158508300781,yes,0.29564422369003296,0.6388258934020996,docs/thesis_evidence/remote_exp008_depth_blocked_train/prediction_summary.csv,EXP-008 high-severity context window; single-well depth-heldout
353,2772,4095.50652058,15.86188793182373,0.6659377217292786,15.195950210094452,yes,0.3175213038921356,0.6909613013267517,docs/thesis_evidence/remote_exp008_depth_blocked_train/prediction_summary.csv,EXP-008 high-severity context window; single-well depth-heldout
354,2773,4096.00636638,15.644874572753906,0.27261900901794434,15.372255563735962,yes,0.34433048963546753,0.7431911826133728,docs/thesis_evidence/remote_exp008_depth_blocked_train/prediction_summary.csv,EXP-008 high-severity context window; single-well depth-heldout
355,2774,4096.48876264,15.932518005371094,0.05231181159615517,15.880206193774939,yes,0.367063045501709,0.791337788105011,docs/thesis_evidence/remote_exp008_depth_blocked_train/prediction_summary.csv,EXP-008 high-severity context window; single-well depth-heldout
356,2775,4096.99614776,12.103988647460938,0.07049103826284409,12.033497609198093,yes,0.32236889004707336,0.6999750733375549,docs/thesis_evidence/remote_exp008_depth_blocked_train/prediction_summary.csv,EXP-008 high-severity context window; single-well depth-heldout
357,2776,4097.48071032,8.193968772888184,0.2731727063655853,7.920796066522598,yes,0.27926892042160034,0.5887777805328369,docs/thesis_evidence/remote_exp008_depth_blocked_train/prediction_summary.csv,EXP-008 high-severity context window; single-well depth-heldout
358,2777,4097.96175846,7.43781042098999,0.20799808204174042,7.22981233894825,yes,0.29481467604637146,0.6116613745689392,docs/thesis_evidence/remote_exp008_depth_blocked_train/prediction_summary.csv,EXP-008 high-severity context window; single-well depth-heldout
359,2778,4098.45964397,6.655001163482666,0.391599178314209,6.263401985168457,yes,0.2393946796655655,0.5291405916213989,docs/thesis_evidence/remote_exp008_depth_blocked_train/prediction_summary.csv,EXP-008 high-severity context window; single-well depth-heldout
360,2779,4098.94766911,5.5016913414001465,0.5865041017532349,4.915187239646912,yes,0.19922640919685364,0.4602316915988922,docs/thesis_evidence/remote_exp008_depth_blocked_train/prediction_summary.csv,EXP-008 high-severity context window; single-well depth-heldout
361,2780,4099.4281869,3.4330990314483643,0.08608313649892807,3.347015894949436,context,0.16308695077896118,0.41436371207237244,docs/thesis_evidence/remote_exp008_depth_blocked_train/prediction_summary.csv,EXP-008 high-severity context window; single-well depth-heldout
362,2781,4099.94303183,1.6078181266784668,0.1254126876592636,1.4824054390192032,context,0.08949761092662811,0.23902875185012817,docs/thesis_evidence/remote_exp008_depth_blocked_train/prediction_summary.csv,EXP-008 high-severity context window; single-well depth-heldout
363,2782,4100.42445172,0.8106729984283447,0.059134889394044876,0.7515381090342999,context,0.07521709054708481,0.19231759011745453,docs/thesis_evidence/remote_exp008_depth_blocked_train/prediction_summary.csv,EXP-008 high-severity context window; single-well depth-heldout
364,2783,4100.92739298,0.5372244119644165,0.03256404399871826,0.5046603679656982,context,0.055467814207077026,0.14773258566856384,docs/thesis_evidence/remote_exp008_depth_blocked_train/prediction_summary.csv,EXP-008 high-severity context window; single-well depth-heldout
365,2784,4101.43197696,0.35656654834747314,0.04418134689331055,0.3123852014541626,context,0.031074244529008865,0.09926033020019531,docs/thesis_evidence/remote_exp008_depth_blocked_train/prediction_summary.csv,EXP-008 high-severity context window; single-well depth-heldout
366,2785,4101.9197303,0.23023904860019684,0.085581474006176,0.14465757459402084,context,0.02478203922510147,0.05933276563882828,docs/thesis_evidence/remote_exp008_depth_blocked_train/prediction_summary.csv,EXP-008 high-severity context window; single-well depth-heldout
367,2786,4102.41759764,0.4476105272769928,0.06868503242731094,0.37892549484968185,context,0.03449329733848572,0.09839677810668945,docs/thesis_evidence/remote_exp008_depth_blocked_train/prediction_summary.csv,EXP-008 high-severity context window; single-well depth-heldout
368,2787,4102.90553639,0.5214817523956299,0.050805091857910156,0.4706766605377197,context,0.026579147204756737,0.08897069841623306,docs/thesis_evidence/remote_exp008_depth_blocked_train/prediction_summary.csv,EXP-008 high-severity context window; single-well depth-heldout
369,2788,4103.39652055,0.4221423268318176,0.04166622832417488,0.38047609850764275,context,0.02204926125705242,0.0894523411989212,docs/thesis_evidence/remote_exp008_depth_blocked_train/prediction_summary.csv,EXP-008 high-severity context window; single-well depth-heldout
370,2789,4103.91149599,0.32951417565345764,0.03824418783187866,0.291269987821579,context,0.024641985073685646,0.09222903847694397,docs/thesis_evidence/remote_exp008_depth_blocked_train/prediction_summary.csv,EXP-008 high-severity context window; single-well depth-heldout
371,2790,4104.41090838,0.23988482356071472,0.12830491364002228,0.11157990992069244,context,0.030900631099939346,0.08092408627271652,docs/thesis_evidence/remote_exp008_depth_blocked_train/prediction_summary.csv,EXP-008 high-severity context window; single-well depth-heldout
372,2791,4104.90237726,0.4485061466693878,0.26854830980300903,0.17995783686637878,context,0.054228294640779495,0.12218521535396576,docs/thesis_evidence/remote_exp008_depth_blocked_train/prediction_summary.csv,EXP-008 high-severity context window; single-well depth-heldout
373,2792,4105.40665391,0.6409238576889038,0.36784809827804565,0.27307575941085815,context,0.05887119844555855,0.1312435120344162,docs/thesis_evidence/remote_exp008_depth_blocked_train/prediction_summary.csv,EXP-008 high-severity context window; single-well depth-heldout
374,2793,4105.90256398,0.5988713502883911,0.2929103374481201,0.305961012840271,context,0.05856633558869362,0.13343358039855957,docs/thesis_evidence/remote_exp008_depth_blocked_train/prediction_summary.csv,EXP-008 high-severity context window; single-well depth-heldout
375,2794,4106.40472032,0.5565387606620789,0.11357631534337997,0.4429624453186989,context,0.054731614887714386,0.13522465527057648,docs/thesis_evidence/remote_exp008_depth_blocked_train/prediction_summary.csv,EXP-008 high-severity context window; single-well depth-heldout
376,2795,4106.913759,0.452116459608078,0.41232672333717346,0.03978973627090454,context,0.046236246824264526,0.10810520499944687,docs/thesis_evidence/remote_exp008_depth_blocked_train/prediction_summary.csv,EXP-008 high-severity context window; single-well depth-heldout
377,2796,4107.40288041,0.22543109953403473,0.04606461524963379,0.17936648428440094,context,0.028246890753507614,0.07328931987285614,docs/thesis_evidence/remote_exp008_depth_blocked_train/prediction_summary.csv,EXP-008 high-severity context window; single-well depth-heldout
378,2797,4107.8970426,0.42707300186157227,0.017374077811837196,0.40969892404973507,context,0.04222095012664795,0.1343049705028534,docs/thesis_evidence/remote_exp008_depth_blocked_train/prediction_summary.csv,EXP-008 high-severity context window; single-well depth-heldout
379,2798,4108.38999501,1.1310973167419434,0.0,1.1310973167419434,context,0.05272793397307396,0.21191991865634918,docs/thesis_evidence/remote_exp008_depth_blocked_train/prediction_summary.csv,EXP-008 high-severity context window; single-well depth-heldout
380,2799,4108.88887351,0.8587251305580139,0.08745034039020538,0.7712747901678085,context,0.057413745671510696,0.2084902822971344,docs/thesis_evidence/remote_exp008_depth_blocked_train/prediction_summary.csv,EXP-008 high-severity context window; single-well depth-heldout
381,2800,4109.39858415,0.9902191162109375,0.06415184587240219,0.9260672703385353,context,0.06900937855243683,0.23271171748638153,docs/thesis_evidence/remote_exp008_depth_blocked_train/prediction_summary.csv,EXP-008 high-severity context window; single-well depth-heldout
382,2801,4109.8979873,2.5249879360198975,0.0735630989074707,2.4514248371124268,context,0.10671674460172653,0.33043721318244934,docs/thesis_evidence/remote_exp008_depth_blocked_train/prediction_summary.csv,EXP-008 high-severity context window; single-well depth-heldout
383,2802,4110.39041892,3.365459442138672,0.12121841311454773,3.244241029024124,context,0.14484970271587372,0.4058676064014435,docs/thesis_evidence/remote_exp008_depth_blocked_train/prediction_summary.csv,EXP-008 high-severity context window; single-well depth-heldout
384,2803,4110.89951846,4.03043794631958,0.07818031311035156,3.9522576332092285,context,0.1716223508119583,0.44238266348838806,docs/thesis_evidence/remote_exp008_depth_blocked_train/prediction_summary.csv,EXP-008 high-severity context window; single-well depth-heldout
385,2804,4111.3950092,5.259891033172607,0.17522326111793518,5.084667772054672,yes,0.1601005643606186,0.421676903963089,docs/thesis_evidence/remote_exp008_depth_blocked_train/prediction_summary.csv,EXP-008 high-severity context window; single-well depth-heldout
386,2805,4111.89226395,4.75190544128418,0.0,4.75190544128418,context,0.1049865111708641,0.3625889718532562,docs/thesis_evidence/remote_exp008_depth_blocked_train/prediction_summary.csv,EXP-008 high-severity context window; single-well depth-heldout
387,2806,4112.39697421,3.1051101684570312,0.3774990141391754,2.727611154317856,context,0.06712610274553299,0.1781943142414093,docs/thesis_evidence/remote_exp008_depth_blocked_train/prediction_summary.csv,EXP-008 high-severity context window; single-well depth-heldout
388,2807,4112.88954259,0.0,1.3469786643981934,-1.3469786643981934,context,0.10811672359704971,0.23306716978549957,docs/thesis_evidence/remote_exp008_depth_blocked_train/prediction_summary.csv,EXP-008 high-severity context window; single-well depth-heldout
389,2808,4113.3850916,1.7649378776550293,1.3183106184005737,0.44662725925445557,context,0.10580849647521973,0.23037295043468475,docs/thesis_evidence/remote_exp008_depth_blocked_train/prediction_summary.csv,EXP-008 high-severity context window; single-well depth-heldout
390,2809,4113.88667938,1.4476702213287354,0.12207623571157455,1.3255939856171608,context,0.05599631741642952,0.17219196259975433,docs/thesis_evidence/remote_exp008_depth_blocked_train/prediction_summary.csv,EXP-008 high-severity context window; single-well depth-heldout
391,2810,4114.36704132,1.1388599872589111,0.1428864449262619,0.9959735423326492,context,0.06631415337324142,0.1867961436510086,docs/thesis_evidence/remote_exp008_depth_blocked_train/prediction_summary.csv,EXP-008 high-severity context window; single-well depth-heldout
