experiment_id,experiment_name,likely_stage_order,method_family,model,input_feature,target_label,label_transform,azimuth_handling,eccentricity_handling,train_split,loss,metrics_available,main_result_summary,main_failure_or_limitation,result_paths,code_paths,branch_or_commit,thesis_use,evidence_strength,notes
EXP-001,Baseline FFT magnitude image translation,1,baseline,Attention U-Net / A2INet,8-channel CWT time-frequency image,FFT magnitude of CAST Zc slice,none or unknown; memo says no extra high-frequency penalty,FFT magnitude used to reduce azimuth/phase mismatch; phase discarded,unknown,code uses VALIDATION_SPLIT and dataset take/skip; depth leakage not verified,hybrid MSE + gradient difference loss,loss/val_loss/mae in logs; memo qualitative result,Memo states Grad-CAM was scattered and prediction collapsed toward an overall average with vertical stripe patterns.,Failed to learn higher-structure FFT coefficients; kept as baseline/failed attempt.,/mnt/c/Users/Administrator/Desktop/Hal/results/temp_result/baseline/results/analysis_plots_with_gradcam/sample_0_input_and_gradcam.png; /mnt/c/Users/Administrator/Desktop/Hal/results/temp_result/baseline/results/analysis_plots_with_gradcam/sample_0_truth_vs_prediction.png; /mnt/c/Users/Administrator/Desktop/Hal/results/temp_result/baseline/results/analysis_plots_with_gradcam/sample_1_input_and_gradcam.png; /mnt/c/Users/Administrator/Desktop/Hal/results/temp_result/baseline/results/analysis_plots_with_gradcam/sample_1_truth_vs_prediction.png; /mnt/c/Users/Administrator/Desktop/Hal/results/temp_result/baseline/results/analysis_plots_with_gradcam/sample_2_input_and_gradcam.png; /mnt/c/Users/Administrator/Desktop/Hal/results/temp_result/baseline/results/analysis_plots_with_gradcam/sample_2_truth_vs_prediction.png; /mnt/c/Users/Administrator/Desktop/Hal/results/temp_result/baseline/results/analysis_plots_with_gradcam/sample_3_input_and_gradcam.png; /mnt/c/Users/Administrator/Desktop/Hal/results/temp_result/baseline/results/analysis_plots_with_gradcam/sample_3_truth_vs_prediction.png; /mnt/c/Users/Administrator/Desktop/Hal/results/temp_result/baseline/results/analysis_plots_with_gradcam/sample_4_input_and_gradcam.png; /mnt/c/Users/Administrator/Desktop/Hal/results/temp_result/baseline/results/analysis_plots_with_gradcam/sample_4_truth_vs_prediction.png; /mnt/c/Users/Administrator/Desktop/Hal/results/temp_result/baseline/results/analysis_plots_with_gradcam/sample_5_input_and_gradcam.png; /mnt/c/Users/Administrator/Desktop/Hal/results/temp_result/baseline/results/analysis_plots_with_gradcam/sample_5_truth_vs_prediction.png; /mnt/c/Users/Administrator/Desktop/Hal/results/temp_result/baseline/results/analysis_plots_with_gradcam/sample_6_input_and_gradcam.png; /mnt/c/Users/Administrator/Desktop/Hal/results/temp_result/baseline/results/analysis_plots_with_gradcam/sample_6_truth_vs_prediction.png; /mnt/c/Users/Administrator/Desktop/Hal/results/temp_result/baseline/results/analysis_plots_with_gradcam/sample_7_input_and_gradcam.png; /mnt/c/Users/Administrator/Desktop/Hal/results/temp_result/baseline/results/analysis_plots_with_gradcam/sample_7_truth_vs_prediction.png,src/data_processing/create_tfrecords.py; src/modeling/model.py; src/modeling/train.py; src/interpretation/run_analysis.py,initial/current history around 54b0182..1ee68a; exact baseline branch unknown,baseline,strong,Evidence: memo `/mnt/c/Users/Administrator/Desktop/Hal/results/temp_result/改进memo.md` plus result directory metadata.
EXP-002,FFT log-label image translation,2,FFT log label,Attention U-Net / A2INet,8-channel CWT time-frequency image,FFT magnitude label,log(1 + magnitude),FFT magnitude; phase discarded for rotation/azimuth invariance,unknown,VALIDATION_SPLIT with dataset take/skip; depth-blocked split not verified,hybrid MSE + gradient difference loss,loss/val_loss/mae; qualitative Grad-CAM and prediction plots,"Memo says Grad-CAM became more concentrated around 0.5-0.7 ms and 25-30 kHz, but predictions remained poor with horizontal stripe patterns.",Prediction quality insufficient despite improved attention localization.,/mnt/c/Users/Administrator/Desktop/Hal/results/temp_result/log_label/output/image_translation/array_03/results/analysis_plots_with_gradcam/sample_0_input_and_gradcam.png; /mnt/c/Users/Administrator/Desktop/Hal/results/temp_result/log_label/output/image_translation/array_03/results/analysis_plots_with_gradcam/sample_0_truth_vs_prediction.png; /mnt/c/Users/Administrator/Desktop/Hal/results/temp_result/log_label/output/image_translation/array_03/results/analysis_plots_with_gradcam/sample_1_input_and_gradcam.png; /mnt/c/Users/Administrator/Desktop/Hal/results/temp_result/log_label/output/image_translation/array_03/results/analysis_plots_with_gradcam/sample_1_truth_vs_prediction.png; /mnt/c/Users/Administrator/Desktop/Hal/results/temp_result/log_label/output/image_translation/array_03/results/analysis_plots_with_gradcam/sample_2_input_and_gradcam.png; /mnt/c/Users/Administrator/Desktop/Hal/results/temp_result/log_label/output/image_translation/array_03/results/analysis_plots_with_gradcam/sample_2_truth_vs_prediction.png; /mnt/c/Users/Administrator/Desktop/Hal/results/temp_result/log_label/output/image_translation/array_03/results/analysis_plots_with_gradcam/sample_3_input_and_gradcam.png; /mnt/c/Users/Administrator/Desktop/Hal/results/temp_result/log_label/output/image_translation/array_03/results/analysis_plots_with_gradcam/sample_3_truth_vs_prediction.png; /mnt/c/Users/Administrator/Desktop/Hal/results/temp_result/log_label/output/image_translation/array_03/results/analysis_plots_with_gradcam/sample_4_input_and_gradcam.png; /mnt/c/Users/Administrator/Desktop/Hal/results/temp_result/log_label/output/image_translation/array_03/results/analysis_plots_with_gradcam/sample_4_truth_vs_prediction.png; /mnt/c/Users/Administrator/Desktop/Hal/results/temp_result/log_label/output/image_translation/array_03/results/analysis_plots_with_gradcam/sample_5_input_and_gradcam.png; /mnt/c/Users/Administrator/Desktop/Hal/results/temp_result/log_label/output/image_translation/array_03/results/analysis_plots_with_gradcam/sample_5_truth_vs_prediction.png; /mnt/c/Users/Administrator/Desktop/Hal/results/temp_result/log_label/output/image_translation/array_03/results/analysis_plots_with_gradcam/sample_6_input_and_gradcam.png; /mnt/c/Users/Administrator/Desktop/Hal/results/temp_result/log_label/output/image_translation/array_03/results/analysis_plots_with_gradcam/sample_6_truth_vs_prediction.png; /mnt/c/Users/Administrator/Desktop/Hal/results/temp_result/log_label/output/image_translation/array_03/results/analysis_plots_with_gradcam/sample_7_input_and_gradcam.png; /mnt/c/Users/Administrator/Desktop/Hal/results/temp_result/log_label/output/image_translation/array_03/results/analysis_plots_with_gradcam/sample_7_truth_vs_prediction.png,src/data_processing/create_tfrecords.py; src/interpretation/run_analysis.py,origin/log_scaling / 1ee68a62763c091097683e326c3a187c991a85c3,ablation,strong,"Evidence: memo `/mnt/c/Users/Administrator/Desktop/Hal/results/temp_result/改进memo.md`, current code uses `np.log1p`, result directory `temp_result/log_label`."
EXP-003,FFT high-frequency weighted loss,3,FFT severity label,Attention U-Net / A2INet,8-channel CWT time-frequency image,FFT magnitude/log label,log label plus frequency weighting in loss,FFT magnitude; phase discarded,unknown,same split logic as image translation; depth leakage not verified,weighted MSE over FFT coefficients + gradient difference loss,SSIM/PSNR mentioned in memo/code; tensorboard logs and plots available,"Memo states Grad-CAM was more concentrated near 0.75-0.85 ms and 25-28 kHz, but predictions still fit low FFT coefficients.",High-frequency penalty did not solve low-coefficient collapse.,/mnt/c/Users/Administrator/Desktop/Hal/results/temp_result/frequency-weighted_loss/output/image_translation/array_03/results/analysis_plots_with_gradcam/sample_0_input_and_gradcam.png; /mnt/c/Users/Administrator/Desktop/Hal/results/temp_result/frequency-weighted_loss/output/image_translation/array_03/results/analysis_plots_with_gradcam/sample_0_truth_vs_prediction.png; /mnt/c/Users/Administrator/Desktop/Hal/results/temp_result/frequency-weighted_loss/output/image_translation/array_03/results/analysis_plots_with_gradcam/sample_1_input_and_gradcam.png; /mnt/c/Users/Administrator/Desktop/Hal/results/temp_result/frequency-weighted_loss/output/image_translation/array_03/results/analysis_plots_with_gradcam/sample_1_truth_vs_prediction.png; /mnt/c/Users/Administrator/Desktop/Hal/results/temp_result/frequency-weighted_loss/output/image_translation/array_03/results/analysis_plots_with_gradcam/sample_2_input_and_gradcam.png; /mnt/c/Users/Administrator/Desktop/Hal/results/temp_result/frequency-weighted_loss/output/image_translation/array_03/results/analysis_plots_with_gradcam/sample_2_truth_vs_prediction.png; /mnt/c/Users/Administrator/Desktop/Hal/results/temp_result/frequency-weighted_loss/output/image_translation/array_03/results/analysis_plots_with_gradcam/sample_3_input_and_gradcam.png; /mnt/c/Users/Administrator/Desktop/Hal/results/temp_result/frequency-weighted_loss/output/image_translation/array_03/results/analysis_plots_with_gradcam/sample_3_truth_vs_prediction.png; /mnt/c/Users/Administrator/Desktop/Hal/results/temp_result/frequency-weighted_loss/output/image_translation/array_03/results/analysis_plots_with_gradcam/sample_4_input_and_gradcam.png; /mnt/c/Users/Administrator/Desktop/Hal/results/temp_result/frequency-weighted_loss/output/image_translation/array_03/results/analysis_plots_with_gradcam/sample_4_truth_vs_prediction.png; /mnt/c/Users/Administrator/Desktop/Hal/results/temp_result/frequency-weighted_loss/output/image_translation/array_03/results/analysis_plots_with_gradcam/sample_5_input_and_gradcam.png; /mnt/c/Users/Administrator/Desktop/Hal/results/temp_result/frequency-weighted_loss/output/image_translation/array_03/results/analysis_plots_with_gradcam/sample_5_truth_vs_prediction.png; /mnt/c/Users/Administrator/Desktop/Hal/results/temp_result/frequency-weighted_loss/output/image_translation/array_03/results/analysis_plots_with_gradcam/sample_6_input_and_gradcam.png; /mnt/c/Users/Administrator/Desktop/Hal/results/temp_result/frequency-weighted_loss/output/image_translation/array_03/results/analysis_plots_with_gradcam/sample_6_truth_vs_prediction.png; /mnt/c/Users/Administrator/Desktop/Hal/results/temp_result/frequency-weighted_loss/output/image_translation/array_03/results/analysis_plots_with_gradcam/sample_7_input_and_gradcam.png; /mnt/c/Users/Administrator/Desktop/Hal/results/temp_result/frequency-weighted_loss/output/image_translation/array_03/results/analysis_plots_with_gradcam/sample_7_truth_vs_prediction.png,origin/frequency-weighted_loss:src/modeling/train.py; origin/frequency-weighted_loss:src/interpretation/run_analysis.py,origin/frequency-weighted_loss / 9899283c351712b791f9837b0be9a96b7003f96f,failed_attempt,strong,Evidence: memo `/mnt/c/Users/Administrator/Desktop/Hal/results/temp_result/改进memo.md` and branch code snapshot.
EXP-004,GAN + severity transform / 2D label,4,other,GAN / generator-discriminator route,8-channel CWT time-frequency image,"severity map max(0, 2.5 - Zc), then FFT/log variants",severity transform and possible FFT/log,partly FFT; exact final label variant needs verification,unknown,unknown,GAN generator/discriminator loss; details need branch verification,result.txt contains epoch losses; plots/checkpoints available,Memo states model collapse; result.txt shows generator loss stayed around 307-325 through epoch 100.,Model collapse; not suitable as main quantitative result.,/mnt/c/Users/Administrator/Desktop/Hal/results/temp_result/GaN+2Dlabel/output/image_translation/array_03/results/classification_analysis_plots/sample_0_mask_comparison.png; /mnt/c/Users/Administrator/Desktop/Hal/results/temp_result/GaN+2Dlabel/output/image_translation/array_03/results/classification_analysis_plots/sample_1_mask_comparison.png; /mnt/c/Users/Administrator/Desktop/Hal/results/temp_result/GaN+2Dlabel/output/image_translation/array_03/results/classification_analysis_plots/sample_2_mask_comparison.png; /mnt/c/Users/Administrator/Desktop/Hal/results/temp_result/GaN+2Dlabel/output/image_translation/array_03/results/classification_analysis_plots/sample_3_mask_comparison.png; /mnt/c/Users/Administrator/Desktop/Hal/results/temp_result/GaN+2Dlabel/output/image_translation/array_03/results/classification_analysis_plots/sample_4_mask_comparison.png; /mnt/c/Users/Administrator/Desktop/Hal/results/temp_result/GaN+2Dlabel/output/image_translation/array_03/results/classification_analysis_plots/sample_5_mask_comparison.png; /mnt/c/Users/Administrator/Desktop/Hal/results/temp_result/GaN+2Dlabel/output/image_translation/array_03/results/classification_analysis_plots/sample_6_mask_comparison.png; /mnt/c/Users/Administrator/Desktop/Hal/results/temp_result/GaN+2Dlabel/output/image_translation/array_03/results/classification_analysis_plots/sample_7_mask_comparison.png; /mnt/c/Users/Administrator/Desktop/Hal/results/temp_result/GaN+2Dlabel/output/image_translation/array_03/results/classification_analysis_plots/sample_8_mask_comparison.png; /mnt/c/Users/Administrator/Desktop/Hal/results/temp_result/GaN+2Dlabel/output/image_translation/array_03/results/classification_analysis_plots/sample_9_mask_comparison.png; /mnt/c/Users/Administrator/Desktop/Hal/results/temp_result/GaN+2Dlabel/output/visualization_plots/04_training_history.png; /mnt/c/Users/Administrator/Desktop/Hal/results/temp_result/GaN+2Dlabel/output/visualization_plots/150_01_raw_waveform.png; /mnt/c/Users/Administrator/Desktop/Hal/results/temp_result/GaN+2Dlabel/output/visualization_plots/150_02_cwt_result.png; /mnt/c/Users/Administrator/Desktop/Hal/results/temp_result/GaN+2Dlabel/output/visualization_plots/150_03_label_generation.png; /mnt/c/Users/Administrator/Desktop/Hal/results/temp_result/GaN+2Dlabel/output/visualization_plots/150_04_final_label_image.png; /mnt/c/Users/Administrator/Desktop/Hal/results/temp_result/GaN+2Dlabel/output/visualization_plots/2500_01_raw_waveform.png,origin/GaN:src/modeling/train.py; origin/GaN:src/data_processing/create_tfrecords.py,origin/GaN / c08d695779b3fbb666663a7439b16fbe00e1d61d,failed_attempt,medium,Spelling is `GaN` in branch/result path; likely intended GAN. Treat exact architecture as needs_verification.
EXP-005,Two-channel binary label and focal-loss/overfit test,5,other,"GAN/U-Net route, exact code needs verification",8-channel CWT time-frequency image,two-channel binary mask: channeling vs good bonding,Zc < 2.5 channeling mask; Zc >= 2.5 good-bonding mask,direct mask; no reliable azimuth alignment,unknown,single-sample overfit test mentioned; exact split unknown,focal loss mentioned in memo; exact implementation needs verification,qualitative memo and result images,Memo states model collapse.,Even simplified binary mask route did not become a usable image-generation result.,/mnt/c/Users/Administrator/Desktop/Hal/results/temp_result/GaN+2Dlabel/output/image_translation/array_03/results/classification_analysis_plots/sample_0_mask_comparison.png; /mnt/c/Users/Administrator/Desktop/Hal/results/temp_result/GaN+2Dlabel/output/image_translation/array_03/results/classification_analysis_plots/sample_1_mask_comparison.png; /mnt/c/Users/Administrator/Desktop/Hal/results/temp_result/GaN+2Dlabel/output/image_translation/array_03/results/classification_analysis_plots/sample_2_mask_comparison.png; /mnt/c/Users/Administrator/Desktop/Hal/results/temp_result/GaN+2Dlabel/output/image_translation/array_03/results/classification_analysis_plots/sample_3_mask_comparison.png; /mnt/c/Users/Administrator/Desktop/Hal/results/temp_result/GaN+2Dlabel/output/image_translation/array_03/results/classification_analysis_plots/sample_4_mask_comparison.png; /mnt/c/Users/Administrator/Desktop/Hal/results/temp_result/GaN+2Dlabel/output/image_translation/array_03/results/classification_analysis_plots/sample_5_mask_comparison.png; /mnt/c/Users/Administrator/Desktop/Hal/results/temp_result/GaN+2Dlabel/output/image_translation/array_03/results/classification_analysis_plots/sample_6_mask_comparison.png; /mnt/c/Users/Administrator/Desktop/Hal/results/temp_result/GaN+2Dlabel/output/image_translation/array_03/results/classification_analysis_plots/sample_7_mask_comparison.png; /mnt/c/Users/Administrator/Desktop/Hal/results/temp_result/GaN+2Dlabel/output/image_translation/array_03/results/classification_analysis_plots/sample_8_mask_comparison.png; /mnt/c/Users/Administrator/Desktop/Hal/results/temp_result/GaN+2Dlabel/output/image_translation/array_03/results/classification_analysis_plots/sample_9_mask_comparison.png; /mnt/c/Users/Administrator/Desktop/Hal/results/temp_result/GaN+2Dlabel/output/visualization_plots/04_training_history.png; /mnt/c/Users/Administrator/Desktop/Hal/results/temp_result/GaN+2Dlabel/output/visualization_plots/150_01_raw_waveform.png; /mnt/c/Users/Administrator/Desktop/Hal/results/temp_result/GaN+2Dlabel/output/visualization_plots/150_02_cwt_result.png; /mnt/c/Users/Administrator/Desktop/Hal/results/temp_result/GaN+2Dlabel/output/visualization_plots/150_03_label_generation.png; /mnt/c/Users/Administrator/Desktop/Hal/results/temp_result/GaN+2Dlabel/output/visualization_plots/150_04_final_label_image.png; /mnt/c/Users/Administrator/Desktop/Hal/results/temp_result/GaN+2Dlabel/output/visualization_plots/2500_01_raw_waveform.png,origin/GaN and surrounding commits; exact file needs verification,origin/GaN / c08d695779b3fbb666663a7439b16fbe00e1d61d; earlier commits 3b1eecc/92d670d likely relevant,failed_attempt,medium,Evidence primarily from memo `/mnt/c/Users/Administrator/Desktop/Hal/results/temp_result/改进memo.md`; implementation mapping needs remote/server verification.
EXP-006,CNN binary classification: CWT-label relationship test,6,baseline,CNN classifier,8-channel CWT time-frequency image,binary label: channeling exists if >1% pixels have Zc < 2.5,threshold at 1% channeling pixels,"reduces task to presence/absence, avoiding azimuth alignment",unknown,VALIDATION_SPLIT; exact depth-blocked separation not verified,binary classification loss; exact compile options in branch code,"AUC=0.95361, accuracy/val_accuracy≈85%, loss/val_loss from memo/result.txt",Validated that CWT contains learnable information about channeling existence.,Only presence/absence; not the final depth/severity profile target.,/mnt/c/Users/Administrator/Desktop/Hal/results/temp_result/test_relativity/output/image_translation/array_03/results/classification_gradcam_plots/gradcam_sample_0.png; /mnt/c/Users/Administrator/Desktop/Hal/results/temp_result/test_relativity/output/image_translation/array_03/results/classification_gradcam_plots/gradcam_sample_1.png; /mnt/c/Users/Administrator/Desktop/Hal/results/temp_result/test_relativity/output/image_translation/array_03/results/classification_gradcam_plots/gradcam_sample_2.png; /mnt/c/Users/Administrator/Desktop/Hal/results/temp_result/test_relativity/output/image_translation/array_03/results/classification_gradcam_plots/gradcam_sample_3.png; /mnt/c/Users/Administrator/Desktop/Hal/results/temp_result/test_relativity/output/image_translation/array_03/results/classification_gradcam_plots/gradcam_sample_4.png; /mnt/c/Users/Administrator/Desktop/Hal/results/temp_result/test_relativity/output/visualization_plots/150_01_raw_waveform.png; /mnt/c/Users/Administrator/Desktop/Hal/results/temp_result/test_relativity/output/visualization_plots/150_02_cwt_result.png; /mnt/c/Users/Administrator/Desktop/Hal/results/temp_result/test_relativity/output/visualization_plots/150_03_label_generation.png; /mnt/c/Users/Administrator/Desktop/Hal/results/temp_result/test_relativity/output/visualization_plots/150_04_final_label_image.png; /mnt/c/Users/Administrator/Desktop/Hal/results/temp_result/test_relativity/output/visualization_plots/2500_01_raw_waveform.png; /mnt/c/Users/Administrator/Desktop/Hal/results/temp_result/test_relativity/output/visualization_plots/2500_02_cwt_result.png; /mnt/c/Users/Administrator/Desktop/Hal/results/temp_result/test_relativity/output/visualization_plots/2500_03_label_generation.png; /mnt/c/Users/Administrator/Desktop/Hal/results/temp_result/test_relativity/output/visualization_plots/2500_04_final_label_image.png; /mnt/c/Users/Administrator/Desktop/Hal/results/temp_result/test_relativity/output/image_translation/array_03/logs/train/events.out.tfevents.1758782241.ubuntusrv.22102.0.v2; /mnt/c/Users/Administrator/Desktop/Hal/results/temp_result/test_relativity/output/image_translation/array_03/logs/train/events.out.tfevents.1758782488.ubuntusrv.3728.0.v2; /mnt/c/Users/Administrator/Desktop/Hal/results/temp_result/test_relativity/output/image_translation/array_03/logs/train/events.out.tfevents.1758782660.ubuntusrv.39349.0.v2,origin/test_relativity:src/modeling/model.py; origin/test_relativity:src/data_processing/create_tfrecords.py; origin/test_relativity:src/interpretation/run_analysis_classification.py,origin/test_relativity / 5e59652a4259c59e1d22b069271e2a67d863dadd,background,strong,AUC/accuracy claim is traceable to memo and `temp_result/test_relativity/result.txt.txt`.
EXP-007,1D percentage label profile regression,7,1D percentage label,EfficientNetV2B0 with regression head,8-channel CWT time-frequency image,depth-wise channeling percentage profile,"mean(Zc<2.5) over azimuth per depth, expressed as 0-100%",collapses azimuth to depth profile; avoids azimuth mismatch,unknown,VALIDATION_SPLIT; exact depth-blocked split not verified,regression loss; exact branch compile settings need review,training history images; memo qualitative conclusion,"Memo states attention consistently focused on 0.5-1.0 ms and 23-28 kHz, with stronger attention for severe channeling.","Quantitative severity is conservatively underestimated, especially for severe channeling.",/mnt/c/Users/Administrator/Desktop/Hal/results/temp_result/1D+percentage_Label/output/image_translation/array_03/results/final_analysis_plots/_conditional_mean_map_High_Severity.png; /mnt/c/Users/Administrator/Desktop/Hal/results/temp_result/1D+percentage_Label/output/image_translation/array_03/results/final_analysis_plots/_conditional_mean_map_Low_Severity.png; /mnt/c/Users/Administrator/Desktop/Hal/results/temp_result/1D+percentage_Label/output/image_translation/array_03/results/final_analysis_plots/_conditional_mean_map_Medium_Severity.png; /mnt/c/Users/Administrator/Desktop/Hal/results/temp_result/1D+percentage_Label/output/image_translation/array_03/results/final_analysis_plots/_conditional_mean_map_Negligible.png; /mnt/c/Users/Administrator/Desktop/Hal/results/temp_result/1D+percentage_Label/output/image_translation/array_03/results/final_analysis_plots/_error_distribution_by_category.png; /mnt/c/Users/Administrator/Desktop/Hal/results/temp_result/1D+percentage_Label/output/image_translation/array_03/results/final_analysis_plots/_overall_mean_attention_map.png; /mnt/c/Users/Administrator/Desktop/Hal/results/temp_result/1D+percentage_Label/output/image_translation/array_03/results/final_analysis_plots/_overall_performance_scatter.png; /mnt/c/Users/Administrator/Desktop/Hal/results/temp_result/1D+percentage_Label/output/image_translation/array_03/results/final_analysis_plots/gradcam_sample_312.png; /mnt/c/Users/Administrator/Desktop/Hal/results/temp_result/1D+percentage_Label/output/image_translation/array_03/results/final_analysis_plots/gradcam_sample_313.png; /mnt/c/Users/Administrator/Desktop/Hal/results/temp_result/1D+percentage_Label/output/image_translation/array_03/results/final_analysis_plots/gradcam_sample_314.png; /mnt/c/Users/Administrator/Desktop/Hal/results/temp_result/1D+percentage_Label/output/image_translation/array_03/results/final_analysis_plots/gradcam_sample_315.png; /mnt/c/Users/Administrator/Desktop/Hal/results/temp_result/1D+percentage_Label/output/image_translation/array_03/results/final_analysis_plots/gradcam_sample_382.png; /mnt/c/Users/Administrator/Desktop/Hal/results/temp_result/1D+percentage_Label/output/image_translation/array_03/results/final_analysis_plots/gradcam_sample_383.png; /mnt/c/Users/Administrator/Desktop/Hal/results/temp_result/1D+percentage_Label/output/image_translation/array_03/results/final_analysis_plots/gradcam_sample_384.png; /mnt/c/Users/Administrator/Desktop/Hal/results/temp_result/1D+percentage_Label/output/image_translation/array_03/results/final_analysis_plots/gradcam_sample_385.png; /mnt/c/Users/Administrator/Desktop/Hal/results/temp_result/1D+percentage_Label/output/image_translation/array_03/results/final_analysis_plots/gradcam_sample_386.png,origin/1D+percentage_Label:src/modeling/model.py; origin/1D+percentage_Label:src/data_processing/create_tfrecords.py; origin/1D+percentage_Label:src/interpretation/run_analysis_regressor.py,origin/1D+percentage_Label / e9739c8c3fc4d53e1af63dafa84e29e00b42e9c4,main_result,strong,"Strongest confirmed learnable/severity-oriented route, but it sacrifices azimuth resolution."
EXP-008,EfficientNet FFT severity regression,8,FFT severity label,EfficientNetV2B0 or branch-specific regressor,8-channel CWT time-frequency image,severity transform and FFT magnitude/log coefficients,"severity max(0, 2.5-Zc) + FFT + log(1+coefficients)",FFT magnitude discards phase to handle azimuth rotation/mismatch,unknown,unknown; branch needs exact verification,"regression loss, exact compile settings needs_verification",label-generation and training-history figures; no confirmed final numeric metric in text inventory,Evidence exists for label generation/training history; final quantitative outcome is needs_verification.,Potential FFT frequency resolution issue noted in PPT outline: 8 receivers and low-frequency discriminability may limit angle-resolved separation.,/mnt/c/Users/Administrator/Desktop/Hal/results/FFT_EfficientNet/output/fft_regression/array_03/results/fft_model_analysis_plots/_overall_performance_scatter.png; /mnt/c/Users/Administrator/Desktop/Hal/results/FFT_EfficientNet/output/fft_regression/array_03/results/fft_model_analysis_plots/_virtual_log_comparison.png; /mnt/c/Users/Administrator/Desktop/Hal/results/FFT_EfficientNet/output/fft_regression/array_03/results/fft_model_analysis_plots/combo_plots_High_Severity/combo_sample_1717.png; /mnt/c/Users/Administrator/Desktop/Hal/results/FFT_EfficientNet/output/fft_regression/array_03/results/fft_model_analysis_plots/combo_plots_High_Severity/combo_sample_312.png; /mnt/c/Users/Administrator/Desktop/Hal/results/FFT_EfficientNet/output/fft_regression/array_03/results/fft_model_analysis_plots/combo_plots_High_Severity/combo_sample_314.png; /mnt/c/Users/Administrator/Desktop/Hal/results/FFT_EfficientNet/output/fft_regression/array_03/results/fft_model_analysis_plots/combo_plots_High_Severity/combo_sample_650.png; /mnt/c/Users/Administrator/Desktop/Hal/results/FFT_EfficientNet/output/fft_regression/array_03/results/fft_model_analysis_plots/combo_plots_High_Severity/combo_sample_655.png; /mnt/c/Users/Administrator/Desktop/Hal/results/FFT_EfficientNet/output/fft_regression/array_03/results/fft_model_analysis_plots/combo_plots_High_Severity/combo_sample_658.png; /mnt/c/Users/Administrator/Desktop/Hal/results/FFT_EfficientNet/output/fft_regression/array_03/results/fft_model_analysis_plots/combo_plots_High_Severity/combo_sample_768.png; /mnt/c/Users/Administrator/Desktop/Hal/results/FFT_EfficientNet/output/fft_regression/array_03/results/fft_model_analysis_plots/combo_plots_High_Severity/combo_sample_769.png; /mnt/c/Users/Administrator/Desktop/Hal/results/FFT_EfficientNet/output/fft_regression/array_03/results/fft_model_analysis_plots/combo_plots_High_Severity/combo_sample_836.png; /mnt/c/Users/Administrator/Desktop/Hal/results/FFT_EfficientNet/output/fft_regression/array_03/results/fft_model_analysis_plots/combo_plots_High_Severity/combo_sample_837.png; /mnt/c/Users/Administrator/Desktop/Hal/results/FFT_EfficientNet/output/fft_regression/array_03/results/fft_model_analysis_plots/combo_plots_High_Severity/combo_sample_847.png; /mnt/c/Users/Administrator/Desktop/Hal/results/FFT_EfficientNet/output/fft_regression/array_03/results/fft_model_analysis_plots/combo_plots_High_Severity/combo_sample_891.png; /mnt/c/Users/Administrator/Desktop/Hal/results/FFT_EfficientNet/output/fft_regression/array_03/results/fft_model_analysis_plots/combo_plots_High_Severity/combo_sample_894.png; /mnt/c/Users/Administrator/Desktop/Hal/results/FFT_EfficientNet/output/fft_regression/array_03/results/fft_model_analysis_plots/combo_plots_Low_Severity/combo_sample_100.png,origin/percentage_label+FFT:src/data_processing/create_tfrecords.py; origin/percentage_label+FFT:src/interpretation/run_analysis_regressor.py,origin/percentage_label+FFT / 7ba021cfa6eacd148247258ee28b8527dbbc6c92,main_result,medium,"Recommended thesis route by task framing, but needs metric/split verification before making final performance claims."
EXP-009,CSI + CNN visual/Grad-CAM analysis,unknown,Grad-CAM interpretability,"CNN or CSI-specific model, code mapping unknown",sonic/CSI-derived images,"channeling class/distribution, exact label unknown",unknown,unknown,unknown,unknown,unknown,distribution/Grad-CAM/statistics figures,"Directory contains Grad-CAM statistics, signal examples, CSI/channeling distributions, and filtering comparisons.",Exact code/metrics missing locally.,/mnt/c/Users/Administrator/Desktop/Hal/results/CSI+CNN/alignment_results.png; /mnt/c/Users/Administrator/Desktop/Hal/results/CSI+CNN/channeling_distribution.png; /mnt/c/Users/Administrator/Desktop/Hal/results/CSI+CNN/comprehensive_gradcam_statistics.png; /mnt/c/Users/Administrator/Desktop/Hal/results/CSI+CNN/csi_distribution_analysis.png; /mnt/c/Users/Administrator/Desktop/Hal/results/CSI+CNN/depth_range_csi_analysis.png; /mnt/c/Users/Administrator/Desktop/Hal/results/CSI+CNN/filtering_effect_comparison.png; /mnt/c/Users/Administrator/Desktop/Hal/results/CSI+CNN/gradcam_analysis_optimized.png; /mnt/c/Users/Administrator/Desktop/Hal/results/CSI+CNN/real_original_sonic_signals.png; /mnt/c/Users/Administrator/Desktop/Hal/results/CSI+CNN/sample_scalograms.png,needs_remote_server_or_github_fetch,unknown,figure/background,medium,Use as visual/material evidence only unless code and metrics are recovered.
EXP-010,CSI + SE-ResNet azimuth matching / classification,unknown,SE-ResNet azimuth matching,SE-ResNet,"CSI/CWT-derived images, exact input unknown",class/quality labels visible in candidate filenames; exact label definition unknown,unknown,likely azimuth matching; needs verification,unknown,unknown,unknown,"performance_summary_plots, attention analysis, candidate comparisons","Result directory contains multi-array outputs, model checkpoints, performance summaries, attention analysis, and candidate comparisons.",No local code branch conclusively mapped to these results.,/mnt/c/Users/Administrator/Desktop/Hal/results/CSI+SE-ResNet/outputs/array_03/plots/analysis_candidates/candidate_Excellent_index_11346_comparison.png; /mnt/c/Users/Administrator/Desktop/Hal/results/CSI+SE-ResNet/outputs/array_03/plots/analysis_candidates/candidate_Excellent_index_11656_comparison.png; /mnt/c/Users/Administrator/Desktop/Hal/results/CSI+SE-ResNet/outputs/array_03/plots/analysis_candidates/candidate_Excellent_index_1398_comparison.png; /mnt/c/Users/Administrator/Desktop/Hal/results/CSI+SE-ResNet/outputs/array_03/plots/analysis_candidates/candidate_Excellent_index_14648_comparison.png; /mnt/c/Users/Administrator/Desktop/Hal/results/CSI+SE-ResNet/outputs/array_03/plots/analysis_candidates/candidate_Excellent_index_15183_comparison.png; /mnt/c/Users/Administrator/Desktop/Hal/results/CSI+SE-ResNet/outputs/array_03/plots/analysis_candidates/candidate_Excellent_index_3199_comparison.png; /mnt/c/Users/Administrator/Desktop/Hal/results/CSI+SE-ResNet/outputs/array_03/plots/analysis_candidates/candidate_Excellent_index_3258_comparison.png; /mnt/c/Users/Administrator/Desktop/Hal/results/CSI+SE-ResNet/outputs/array_03/plots/analysis_candidates/candidate_Excellent_index_4801_comparison.png; /mnt/c/Users/Administrator/Desktop/Hal/results/CSI+SE-ResNet/outputs/array_03/plots/analysis_candidates/candidate_Excellent_index_8844_comparison.png; /mnt/c/Users/Administrator/Desktop/Hal/results/CSI+SE-ResNet/outputs/array_03/plots/analysis_candidates/candidate_Excellent_index_9495_comparison.png; /mnt/c/Users/Administrator/Desktop/Hal/results/CSI+SE-ResNet/outputs/array_03/plots/analysis_candidates/candidate_Good_index_10703_comparison.png; /mnt/c/Users/Administrator/Desktop/Hal/results/CSI+SE-ResNet/outputs/array_03/plots/analysis_candidates/candidate_Good_index_15781_comparison.png; /mnt/c/Users/Administrator/Desktop/Hal/results/CSI+SE-ResNet/outputs/array_03/plots/analysis_candidates/candidate_Good_index_1668_comparison.png; /mnt/c/Users/Administrator/Desktop/Hal/results/CSI+SE-ResNet/outputs/array_03/plots/analysis_candidates/candidate_Good_index_2708_comparison.png; /mnt/c/Users/Administrator/Desktop/Hal/results/CSI+SE-ResNet/outputs/array_03/plots/analysis_candidates/candidate_Good_index_2951_comparison.png; /mnt/c/Users/Administrator/Desktop/Hal/results/CSI+SE-ResNet/outputs/array_03/plots/analysis_candidates/candidate_Good_index_3731_comparison.png,needs_remote_server_or_github_fetch,unknown,baseline,medium,Strong artifact evidence but code provenance needs server/GitHub verification.
EXP-011,Dual-channel metadata fusion,unknown,dual-channel metadata fusion,"dual-input model, exact architecture unknown",CWT plus metadata/inclination-related channel,"unknown, likely channeling/severity class or profile",unknown,unknown,metadata fusion; exact use unknown,unknown,unknown,"performance_summary_plots, metadata-vs-label validation, CWT-vs-label validation","Result directory contains validation plots for inclination, CWT-vs-label, and metadata-vs-label.",Task framing says dual-channel failed; treat as explicitly marked inference until metrics/code are recovered.,/mnt/c/Users/Administrator/Desktop/Hal/results/双通道学习/array_03/plots/class_conditional_attention_analysis.png; /mnt/c/Users/Administrator/Desktop/Hal/results/双通道学习/array_03/plots/multi_dimension_sample_analysis.png; /mnt/c/Users/Administrator/Desktop/Hal/results/双通道学习/array_03/plots/performance_summary_plots.png; /mnt/c/Users/Administrator/Desktop/Hal/results/双通道学习/array_03/plots/validate_pipeline_01_inclination_check.png; /mnt/c/Users/Administrator/Desktop/Hal/results/双通道学习/array_03/plots/validate_pipeline_02_CWT_vs_Label.png; /mnt/c/Users/Administrator/Desktop/Hal/results/双通道学习/array_03/plots/validate_pipeline_03_Metadata_vs_Label.png; /mnt/c/Users/Administrator/Desktop/Hal/results/双通道学习/array_03/models/best_model.keras,needs_remote_server_or_github_fetch,unknown,failed_attempt,weak,Explicitly marked inference: failure status comes from user task framing plus lack of strong result text.
EXP-012,Eccentricity pre-correction,unknown,eccentricity correction,"correction model, exact architecture unknown","CWT/metadata, exact input unknown",unknown,unknown,attempted pre-correction for eccentricity/azimuth mismatch,pre-correction,unknown,unknown,performance_summary_plots and attention plots,Result directory contains a model checkpoint and attention/performance summary plots.,Task framing says eccentricity correction was poor; treat as explicitly marked inference until metrics/code are recovered.,/mnt/c/Users/Administrator/Desktop/Hal/results/预校正/array_03/plots/class_conditional_attention_analysis.png; /mnt/c/Users/Administrator/Desktop/Hal/results/预校正/array_03/plots/multi_dimension_sample_analysis.png; /mnt/c/Users/Administrator/Desktop/Hal/results/预校正/array_03/plots/performance_summary_plots.png; /mnt/c/Users/Administrator/Desktop/Hal/results/预校正/array_03/models/best_model.keras,needs_remote_server_or_github_fetch,unknown,failed_attempt,weak,Explicitly marked inference: poor result status comes from user task framing plus missing mapped code/text.
EXP-013,Grad-CAM interpretability across routes,cross-cutting,Grad-CAM interpretability,"CNN, A2INet, EfficientNet/SE-ResNet depending on route",CWT/scalogram or route-specific input image,route-specific,route-specific,interpretability only,interpretability only,route-specific,route-specific,Grad-CAM plots/statistics and memo attention-frequency claims,"Memo and result plots repeatedly locate sensitive regions in high-frequency CWT bands around roughly 22-30 kHz and 0.5-1.3 ms, depending on route.",Needs batch-level statistics and consistent plotting for final thesis claims.,/mnt/c/Users/Administrator/Desktop/Hal/results/CSI+CNN/comprehensive_gradcam_statistics.png; /mnt/c/Users/Administrator/Desktop/Hal/results/CSI+CNN/gradcam_analysis_optimized.png; /mnt/c/Users/Administrator/Desktop/Hal/results/temp_result/1D+percentage_Label/output/image_translation/array_03/results/final_analysis_plots/gradcam_sample_312.png; /mnt/c/Users/Administrator/Desktop/Hal/results/temp_result/1D+percentage_Label/output/image_translation/array_03/results/final_analysis_plots/gradcam_sample_313.png; /mnt/c/Users/Administrator/Desktop/Hal/results/temp_result/1D+percentage_Label/output/image_translation/array_03/results/final_analysis_plots/gradcam_sample_314.png; /mnt/c/Users/Administrator/Desktop/Hal/results/temp_result/1D+percentage_Label/output/image_translation/array_03/results/final_analysis_plots/gradcam_sample_315.png; /mnt/c/Users/Administrator/Desktop/Hal/results/temp_result/1D+percentage_Label/output/image_translation/array_03/results/final_analysis_plots/gradcam_sample_382.png; /mnt/c/Users/Administrator/Desktop/Hal/results/temp_result/1D+percentage_Label/output/image_translation/array_03/results/final_analysis_plots/gradcam_sample_383.png; /mnt/c/Users/Administrator/Desktop/Hal/results/temp_result/1D+percentage_Label/output/image_translation/array_03/results/final_analysis_plots/gradcam_sample_384.png; /mnt/c/Users/Administrator/Desktop/Hal/results/temp_result/1D+percentage_Label/output/image_translation/array_03/results/final_analysis_plots/gradcam_sample_385.png; /mnt/c/Users/Administrator/Desktop/Hal/results/temp_result/1D+percentage_Label/output/image_translation/array_03/results/final_analysis_plots/gradcam_sample_386.png; /mnt/c/Users/Administrator/Desktop/Hal/results/temp_result/1D+percentage_Label/output/image_translation/array_03/results/final_analysis_plots/gradcam_sample_387.png; /mnt/c/Users/Administrator/Desktop/Hal/results/CSI+SE-ResNet/outputs/array_03/plots/attention_mean_variance.png; /mnt/c/Users/Administrator/Desktop/Hal/results/CSI+SE-ResNet/outputs/array_03/plots/class_conditional_attention_analysis.png; /mnt/c/Users/Administrator/Desktop/Hal/results/CSI+SE-ResNet/outputs/array_07/plots/attention_mean_variance.png; /mnt/c/Users/Administrator/Desktop/Hal/results/CSI+SE-ResNet/outputs/array_07/plots/class_conditional_attention_analysis.png; /mnt/c/Users/Administrator/Desktop/Hal/results/CSI+SE-ResNet/outputs/array_11/plots/attention_mean_variance.png; /mnt/c/Users/Administrator/Desktop/Hal/results/CSI+SE-ResNet/outputs/array_11/plots/class_conditional_attention_analysis.png,src/interpretation/run_analysis.py; src/interpretation/grad_cam.py; branch-specific run_analysis scripts,multiple branches,main_result,strong,"Use for interpretability chapter, but avoid overclaiming without a batch statistic."
