figure_id,category,source_path,caption_draft_cn,thesis_chapter,why_useful,quality,needs_redraw,notes
FIG-001,CWT 示例图,/mnt/c/Users/Administrator/Desktop/Hal/results/CSI+CNN/sample_scalograms.png,声波信号连续小波变换后的时频图示例（来源：CSI+CNN/sample_scalograms.png）,第2章 数据构建,展示CWT时频图输入,high,no,"Artifact type: image; size=754.0KB; evidence path only, image not modified."
FIG-002,CWT 示例图,/mnt/c/Users/Administrator/Desktop/Hal/results/temp_result/GaN+2Dlabel/output/visualization_plots/150_02_cwt_result.png,声波信号连续小波变换后的时频图示例（来源：temp_result/GaN+2Dlabel/output/visualization_plots/150_02_cwt_result.png）,第2章 数据构建,展示CWT时频图输入,medium,no,"Artifact type: image; size=103.2KB; evidence path only, image not modified."
FIG-003,CWT 示例图,/mnt/c/Users/Administrator/Desktop/Hal/results/temp_result/GaN+2Dlabel/output/visualization_plots/2500_02_cwt_result.png,声波信号连续小波变换后的时频图示例（来源：temp_result/GaN+2Dlabel/output/visualization_plots/2500_02_cwt_result.png）,第2章 数据构建,展示CWT时频图输入,medium,no,"Artifact type: image; size=103.5KB; evidence path only, image not modified."
FIG-004,CWT 示例图,/mnt/c/Users/Administrator/Desktop/Hal/results/temp_result/baseline/results/debug_plots/debug_cwt_array.png,声波信号连续小波变换后的时频图示例（来源：temp_result/baseline/results/debug_plots/debug_cwt_array.png）,第2章 数据构建,展示CWT时频图输入,low,no,"Artifact type: image; size=32.5KB; evidence path only, image not modified."
FIG-005,CWT 示例图,/mnt/c/Users/Administrator/Desktop/Hal/results/temp_result/baseline/visualization_plots/02_cwt_result.png,声波信号连续小波变换后的时频图示例（来源：temp_result/baseline/visualization_plots/02_cwt_result.png）,第2章 数据构建,展示CWT时频图输入,medium,no,"Artifact type: image; size=141.5KB; evidence path only, image not modified."
FIG-006,CWT 示例图,/mnt/c/Users/Administrator/Desktop/Hal/results/temp_result/log_label/output/visualization_plots/02_cwt_result.png,声波信号连续小波变换后的时频图示例（来源：temp_result/log_label/output/visualization_plots/02_cwt_result.png）,第2章 数据构建,展示CWT时频图输入,medium,no,"Artifact type: image; size=141.5KB; evidence path only, image not modified."
FIG-007,CWT 示例图,/mnt/c/Users/Administrator/Desktop/Hal/results/temp_result/test_relativity/output/visualization_plots/150_02_cwt_result.png,声波信号连续小波变换后的时频图示例（来源：temp_result/test_relativity/output/visualization_plots/150_02_cwt_result.png）,第2章 数据构建,展示CWT时频图输入,medium,no,"Artifact type: image; size=142.0KB; evidence path only, image not modified."
FIG-008,CWT 示例图,/mnt/c/Users/Administrator/Desktop/Hal/results/temp_result/test_relativity/output/visualization_plots/2500_02_cwt_result.png,声波信号连续小波变换后的时频图示例（来源：temp_result/test_relativity/output/visualization_plots/2500_02_cwt_result.png）,第2章 数据构建,展示CWT时频图输入,medium,no,"Artifact type: image; size=142.2KB; evidence path only, image not modified."
FIG-009,CWT 示例图,/mnt/c/Users/Administrator/Desktop/Hal/results/双通道学习/array_03/plots/validate_pipeline_02_CWT_vs_Label.png,声波信号连续小波变换后的时频图示例（来源：双通道学习/array_03/plots/validate_pipeline_02_CWT_vs_Label.png）,第2章 数据构建,展示CWT时频图输入,high,no,"Artifact type: image; size=549.9KB; evidence path only, image not modified."
FIG-010,FFT label map,/mnt/c/Users/Administrator/Desktop/Hal/results/FFT_EfficientNet/output/visualization_plots/06_profile_label_generation.png,方位维 FFT 幅值标签生成示例（来源：FFT_EfficientNet/output/visualization_plots/06_profile_label_generation.png）,第3章 标签构造,展示FFT标签生成流程,medium,maybe,"Artifact type: image; size=107.2KB; evidence path only, image not modified."
FIG-011,FFT label map,/mnt/c/Users/Administrator/Desktop/Hal/results/FFT_EfficientNet/output/visualization_plots/fft_regression/06_label_generation_fft_regression.png,方位维 FFT 幅值标签生成示例（来源：FFT_EfficientNet/output/visualization_plots/fft_regression/06_label_generation_fft_regression.png）,第3章 标签构造,展示FFT标签生成流程,medium,maybe,"Artifact type: image; size=104.8KB; evidence path only, image not modified."
FIG-012,FFT label map,/mnt/c/Users/Administrator/Desktop/Hal/results/FFT_EfficientNet_1/06_label_generation_fft_regression.png,方位维 FFT 幅值标签生成示例（来源：FFT_EfficientNet_1/06_label_generation_fft_regression.png）,第3章 标签构造,展示FFT标签生成流程,medium,maybe,"Artifact type: image; size=104.8KB; evidence path only, image not modified."
FIG-013,FFT label map,/mnt/c/Users/Administrator/Desktop/Hal/results/FFT_EfficientNet_1/output/visualization_plots/06_profile_label_generation.png,方位维 FFT 幅值标签生成示例（来源：FFT_EfficientNet_1/output/visualization_plots/06_profile_label_generation.png）,第3章 标签构造,展示FFT标签生成流程,medium,maybe,"Artifact type: image; size=107.2KB; evidence path only, image not modified."
FIG-014,FFT label map,/mnt/c/Users/Administrator/Desktop/Hal/results/FFT_EfficientNet_1/output/visualization_plots/fft_regression/06_label_generation_fft_regression.png,方位维 FFT 幅值标签生成示例（来源：FFT_EfficientNet_1/output/visualization_plots/fft_regression/06_label_generation_fft_regression.png）,第3章 标签构造,展示FFT标签生成流程,medium,maybe,"Artifact type: image; size=104.8KB; evidence path only, image not modified."
FIG-015,FFT prediction map,/mnt/c/Users/Administrator/Desktop/Hal/results/temp_result/baseline/results/analysis_plots_with_gradcam/sample_0_truth_vs_prediction.png,FFT 标签预测与真值对比图（来源：temp_result/baseline/results/analysis_plots_with_gradcam/sample_0_truth_vs_prediction.png）,第5章 实验结果,展示FFT/重构图预测与真值对比,medium,no,"Artifact type: image; size=80.9KB; evidence path only, image not modified."
FIG-016,FFT prediction map,/mnt/c/Users/Administrator/Desktop/Hal/results/temp_result/baseline/results/analysis_plots_with_gradcam/sample_1_truth_vs_prediction.png,FFT 标签预测与真值对比图（来源：temp_result/baseline/results/analysis_plots_with_gradcam/sample_1_truth_vs_prediction.png）,第5章 实验结果,展示FFT/重构图预测与真值对比,medium,no,"Artifact type: image; size=83.9KB; evidence path only, image not modified."
FIG-017,FFT prediction map,/mnt/c/Users/Administrator/Desktop/Hal/results/temp_result/baseline/results/analysis_plots_with_gradcam/sample_2_truth_vs_prediction.png,FFT 标签预测与真值对比图（来源：temp_result/baseline/results/analysis_plots_with_gradcam/sample_2_truth_vs_prediction.png）,第5章 实验结果,展示FFT/重构图预测与真值对比,medium,no,"Artifact type: image; size=84.4KB; evidence path only, image not modified."
FIG-018,FFT prediction map,/mnt/c/Users/Administrator/Desktop/Hal/results/temp_result/baseline/results/analysis_plots_with_gradcam/sample_3_truth_vs_prediction.png,FFT 标签预测与真值对比图（来源：temp_result/baseline/results/analysis_plots_with_gradcam/sample_3_truth_vs_prediction.png）,第5章 实验结果,展示FFT/重构图预测与真值对比,medium,no,"Artifact type: image; size=83.3KB; evidence path only, image not modified."
FIG-019,FFT prediction map,/mnt/c/Users/Administrator/Desktop/Hal/results/temp_result/baseline/results/analysis_plots_with_gradcam/sample_4_truth_vs_prediction.png,FFT 标签预测与真值对比图（来源：temp_result/baseline/results/analysis_plots_with_gradcam/sample_4_truth_vs_prediction.png）,第5章 实验结果,展示FFT/重构图预测与真值对比,medium,no,"Artifact type: image; size=84.7KB; evidence path only, image not modified."
FIG-020,FFT prediction map,/mnt/c/Users/Administrator/Desktop/Hal/results/temp_result/baseline/results/analysis_plots_with_gradcam/sample_5_truth_vs_prediction.png,FFT 标签预测与真值对比图（来源：temp_result/baseline/results/analysis_plots_with_gradcam/sample_5_truth_vs_prediction.png）,第5章 实验结果,展示FFT/重构图预测与真值对比,medium,no,"Artifact type: image; size=82.9KB; evidence path only, image not modified."
FIG-021,FFT prediction map,/mnt/c/Users/Administrator/Desktop/Hal/results/temp_result/baseline/results/analysis_plots_with_gradcam/sample_6_truth_vs_prediction.png,FFT 标签预测与真值对比图（来源：temp_result/baseline/results/analysis_plots_with_gradcam/sample_6_truth_vs_prediction.png）,第5章 实验结果,展示FFT/重构图预测与真值对比,medium,no,"Artifact type: image; size=84.2KB; evidence path only, image not modified."
FIG-022,FFT prediction map,/mnt/c/Users/Administrator/Desktop/Hal/results/temp_result/baseline/results/analysis_plots_with_gradcam/sample_7_truth_vs_prediction.png,FFT 标签预测与真值对比图（来源：temp_result/baseline/results/analysis_plots_with_gradcam/sample_7_truth_vs_prediction.png）,第5章 实验结果,展示FFT/重构图预测与真值对比,medium,no,"Artifact type: image; size=79.1KB; evidence path only, image not modified."
FIG-023,FFT prediction map,/mnt/c/Users/Administrator/Desktop/Hal/results/temp_result/baseline/results/analysis_plots_with_gradcam/sample_8_truth_vs_prediction.png,FFT 标签预测与真值对比图（来源：temp_result/baseline/results/analysis_plots_with_gradcam/sample_8_truth_vs_prediction.png）,第5章 实验结果,展示FFT/重构图预测与真值对比,medium,no,"Artifact type: image; size=80.5KB; evidence path only, image not modified."
FIG-024,FFT prediction map,/mnt/c/Users/Administrator/Desktop/Hal/results/temp_result/baseline/results/analysis_plots_with_gradcam/sample_9_truth_vs_prediction.png,FFT 标签预测与真值对比图（来源：temp_result/baseline/results/analysis_plots_with_gradcam/sample_9_truth_vs_prediction.png）,第5章 实验结果,展示FFT/重构图预测与真值对比,medium,no,"Artifact type: image; size=85.1KB; evidence path only, image not modified."
FIG-025,FFT prediction map,/mnt/c/Users/Administrator/Desktop/Hal/results/temp_result/frequency-weighted_loss/output/image_translation/array_03/results/analysis_plots_with_gradcam/sample_0_truth_vs_prediction.png,FFT 标签预测与真值对比图（来源：temp_result/frequency-weighted_loss/output/image_translation/array_03/results/analysis_plots_with_gradcam/sample_0_truth_vs_prediction.png）,第5章 实验结果,展示FFT/重构图预测与真值对比,medium,no,"Artifact type: image; size=80.8KB; evidence path only, image not modified."
FIG-026,FFT prediction map,/mnt/c/Users/Administrator/Desktop/Hal/results/temp_result/frequency-weighted_loss/output/image_translation/array_03/results/analysis_plots_with_gradcam/sample_1_truth_vs_prediction.png,FFT 标签预测与真值对比图（来源：temp_result/frequency-weighted_loss/output/image_translation/array_03/results/analysis_plots_with_gradcam/sample_1_truth_vs_prediction.png）,第5章 实验结果,展示FFT/重构图预测与真值对比,medium,no,"Artifact type: image; size=81.4KB; evidence path only, image not modified."
FIG-027,Grad-CAM heatmap,/mnt/c/Users/Administrator/Desktop/Hal/results/CSI+CNN/comprehensive_gradcam_statistics.png,Grad-CAM 显示的敏感时频区域（来源：CSI+CNN/comprehensive_gradcam_statistics.png）,第6章 可解释性分析,展示模型敏感时频区域,high,no,"Artifact type: image; size=1.1MB; evidence path only, image not modified."
FIG-028,Grad-CAM heatmap,/mnt/c/Users/Administrator/Desktop/Hal/results/CSI+CNN/gradcam_analysis_optimized.png,Grad-CAM 显示的敏感时频区域（来源：CSI+CNN/gradcam_analysis_optimized.png）,第6章 可解释性分析,展示模型敏感时频区域,high,no,"Artifact type: image; size=2.1MB; evidence path only, image not modified."
FIG-029,Grad-CAM heatmap,/mnt/c/Users/Administrator/Desktop/Hal/results/CSI+SE-ResNet/outputs/array_03/plots/attention_mean_variance.png,Grad-CAM 显示的敏感时频区域（来源：CSI+SE-ResNet/outputs/array_03/plots/attention_mean_variance.png）,第6章 可解释性分析,展示模型敏感时频区域,high,no,"Artifact type: image; size=245.8KB; evidence path only, image not modified."
FIG-030,Grad-CAM heatmap,/mnt/c/Users/Administrator/Desktop/Hal/results/CSI+SE-ResNet/outputs/array_03/plots/class_conditional_attention_analysis.png,Grad-CAM 显示的敏感时频区域（来源：CSI+SE-ResNet/outputs/array_03/plots/class_conditional_attention_analysis.png）,第6章 可解释性分析,展示模型敏感时频区域,high,no,"Artifact type: image; size=620.2KB; evidence path only, image not modified."
FIG-031,Grad-CAM heatmap,/mnt/c/Users/Administrator/Desktop/Hal/results/CSI+SE-ResNet/outputs/array_07/plots/attention_mean_variance.png,Grad-CAM 显示的敏感时频区域（来源：CSI+SE-ResNet/outputs/array_07/plots/attention_mean_variance.png）,第6章 可解释性分析,展示模型敏感时频区域,high,no,"Artifact type: image; size=257.7KB; evidence path only, image not modified."
FIG-032,Grad-CAM heatmap,/mnt/c/Users/Administrator/Desktop/Hal/results/CSI+SE-ResNet/outputs/array_07/plots/class_conditional_attention_analysis.png,Grad-CAM 显示的敏感时频区域（来源：CSI+SE-ResNet/outputs/array_07/plots/class_conditional_attention_analysis.png）,第6章 可解释性分析,展示模型敏感时频区域,high,no,"Artifact type: image; size=614.2KB; evidence path only, image not modified."
FIG-033,Grad-CAM heatmap,/mnt/c/Users/Administrator/Desktop/Hal/results/CSI+SE-ResNet/outputs/array_11/plots/attention_mean_variance.png,Grad-CAM 显示的敏感时频区域（来源：CSI+SE-ResNet/outputs/array_11/plots/attention_mean_variance.png）,第6章 可解释性分析,展示模型敏感时频区域,high,no,"Artifact type: image; size=243.4KB; evidence path only, image not modified."
FIG-034,Grad-CAM heatmap,/mnt/c/Users/Administrator/Desktop/Hal/results/CSI+SE-ResNet/outputs/array_11/plots/class_conditional_attention_analysis.png,Grad-CAM 显示的敏感时频区域（来源：CSI+SE-ResNet/outputs/array_11/plots/class_conditional_attention_analysis.png）,第6章 可解释性分析,展示模型敏感时频区域,high,no,"Artifact type: image; size=622.0KB; evidence path only, image not modified."
FIG-035,Grad-CAM heatmap,/mnt/c/Users/Administrator/Desktop/Hal/results/FFT_EfficientNet/output/image_translation/array_03/results/final_analysis_plots/_overall_mean_attention_map.png,Grad-CAM 显示的敏感时频区域（来源：FFT_EfficientNet/output/image_translation/array_03/results/final_analysis_plots/_overall_mean_attention_map.png）,第6章 可解释性分析,展示模型敏感时频区域,medium,no,"Artifact type: image; size=100.4KB; evidence path only, image not modified."
FIG-036,Grad-CAM heatmap,/mnt/c/Users/Administrator/Desktop/Hal/results/FFT_EfficientNet/output/image_translation/array_03/results/final_analysis_plots/gradcam_sample_312.png,Grad-CAM 显示的敏感时频区域（来源：FFT_EfficientNet/output/image_translation/array_03/results/final_analysis_plots/gradcam_sample_312.png）,第6章 可解释性分析,展示模型敏感时频区域,medium,no,"Artifact type: image; size=102.8KB; evidence path only, image not modified."
FIG-037,Grad-CAM heatmap,/mnt/c/Users/Administrator/Desktop/Hal/results/FFT_EfficientNet/output/image_translation/array_03/results/final_analysis_plots/gradcam_sample_313.png,Grad-CAM 显示的敏感时频区域（来源：FFT_EfficientNet/output/image_translation/array_03/results/final_analysis_plots/gradcam_sample_313.png）,第6章 可解释性分析,展示模型敏感时频区域,medium,no,"Artifact type: image; size=102.5KB; evidence path only, image not modified."
FIG-038,Grad-CAM heatmap,/mnt/c/Users/Administrator/Desktop/Hal/results/FFT_EfficientNet/output/image_translation/array_03/results/final_analysis_plots/gradcam_sample_314.png,Grad-CAM 显示的敏感时频区域（来源：FFT_EfficientNet/output/image_translation/array_03/results/final_analysis_plots/gradcam_sample_314.png）,第6章 可解释性分析,展示模型敏感时频区域,medium,no,"Artifact type: image; size=102.5KB; evidence path only, image not modified."
FIG-039,ablation,/mnt/c/Users/Administrator/Desktop/Hal/results/temp_result/log_label/output/visualization_plots/01_filtering_effect.png,标签或损失函数改进的消融实验结果示例（来源：temp_result/log_label/output/visualization_plots/01_filtering_effect.png）,第5章 消融实验,展示log/weighted loss变体,medium,maybe,"Artifact type: image; size=82.9KB; evidence path only, image not modified."
FIG-040,ablation,/mnt/c/Users/Administrator/Desktop/Hal/results/temp_result/log_label/output/visualization_plots/03_label_generation.png,标签或损失函数改进的消融实验结果示例（来源：temp_result/log_label/output/visualization_plots/03_label_generation.png）,第5章 消融实验,展示log/weighted loss变体,medium,maybe,"Artifact type: image; size=164.5KB; evidence path only, image not modified."
FIG-041,ablation,/mnt/c/Users/Administrator/Desktop/Hal/results/temp_result/log_label/output/visualization_plots/04_training_history.png,标签或损失函数改进的消融实验结果示例（来源：temp_result/log_label/output/visualization_plots/04_training_history.png）,第5章 消融实验,展示log/weighted loss变体,medium,maybe,"Artifact type: image; size=63.6KB; evidence path only, image not modified."
FIG-042,baseline comparison,/mnt/c/Users/Administrator/Desktop/Hal/results/temp_result/baseline/results/debug_plots/debug_heatmap_array.png,基线方法预测结果与局限性示例（来源：temp_result/baseline/results/debug_plots/debug_heatmap_array.png）,第5章 对比实验,展示baseline结果或失败形态,low,maybe,"Artifact type: image; size=26.4KB; evidence path only, image not modified."
FIG-043,baseline comparison,/mnt/c/Users/Administrator/Desktop/Hal/results/temp_result/baseline/visualization_plots/01_filtering_effect.png,基线方法预测结果与局限性示例（来源：temp_result/baseline/visualization_plots/01_filtering_effect.png）,第5章 对比实验,展示baseline结果或失败形态,medium,maybe,"Artifact type: image; size=82.9KB; evidence path only, image not modified."
FIG-044,baseline comparison,/mnt/c/Users/Administrator/Desktop/Hal/results/temp_result/baseline/visualization_plots/03_label_generation.png,基线方法预测结果与局限性示例（来源：temp_result/baseline/visualization_plots/03_label_generation.png）,第5章 对比实验,展示baseline结果或失败形态,medium,maybe,"Artifact type: image; size=154.6KB; evidence path only, image not modified."
FIG-045,baseline comparison,/mnt/c/Users/Administrator/Desktop/Hal/results/temp_result/baseline/visualization_plots/04_training_history.png,基线方法预测结果与局限性示例（来源：temp_result/baseline/visualization_plots/04_training_history.png）,第5章 对比实验,展示baseline结果或失败形态,medium,maybe,"Artifact type: image; size=71.6KB; evidence path only, image not modified."
FIG-046,depth prediction curve,/mnt/c/Users/Administrator/Desktop/Hal/results/FFT_EfficientNet/output/visualization_plots/05_training_history_regression.png,深度方向窜槽比例标签或预测曲线示例（来源：FFT_EfficientNet/output/visualization_plots/05_training_history_regression.png）,第5章 实验结果,展示深度剖面标签或训练过程,medium,maybe,"Artifact type: image; size=98.4KB; evidence path only, image not modified."
FIG-047,depth prediction curve,/mnt/c/Users/Administrator/Desktop/Hal/results/FFT_EfficientNet_1/output/visualization_plots/05_training_history_regression.png,深度方向窜槽比例标签或预测曲线示例（来源：FFT_EfficientNet_1/output/visualization_plots/05_training_history_regression.png）,第5章 实验结果,展示深度剖面标签或训练过程,medium,maybe,"Artifact type: image; size=98.4KB; evidence path only, image not modified."
FIG-048,depth prediction curve,/mnt/c/Users/Administrator/Desktop/Hal/results/temp_result/1D+percentage_Label/output/visualization_plots/05_training_history_regression.png,深度方向窜槽比例标签或预测曲线示例（来源：temp_result/1D+percentage_Label/output/visualization_plots/05_training_history_regression.png）,第5章 实验结果,展示深度剖面标签或训练过程,medium,maybe,"Artifact type: image; size=98.4KB; evidence path only, image not modified."
FIG-049,depth prediction curve,/mnt/c/Users/Administrator/Desktop/Hal/results/temp_result/1D+percentage_Label/output/visualization_plots/06_profile_label_generation.png,深度方向窜槽比例标签或预测曲线示例（来源：temp_result/1D+percentage_Label/output/visualization_plots/06_profile_label_generation.png）,第5章 实验结果,展示深度剖面标签或训练过程,medium,maybe,"Artifact type: image; size=107.2KB; evidence path only, image not modified."
FIG-050,depth prediction curve,/mnt/c/Users/Administrator/Desktop/Hal/results/temp_result/1D+percentage_Label/样本权重+非对称损失/output/visualization_plots/05_training_history_regression.png,深度方向窜槽比例标签或预测曲线示例（来源：temp_result/1D+percentage_Label/样本权重+非对称损失/output/visualization_plots/05_training_history_regression.png）,第5章 实验结果,展示深度剖面标签或训练过程,medium,maybe,"Artifact type: image; size=98.4KB; evidence path only, image not modified."
FIG-051,depth prediction curve,/mnt/c/Users/Administrator/Desktop/Hal/results/temp_result/1D+percentage_Label/样本权重+非对称损失/output/visualization_plots/06_profile_label_generation.png,深度方向窜槽比例标签或预测曲线示例（来源：temp_result/1D+percentage_Label/样本权重+非对称损失/output/visualization_plots/06_profile_label_generation.png）,第5章 实验结果,展示深度剖面标签或训练过程,medium,maybe,"Artifact type: image; size=107.2KB; evidence path only, image not modified."
FIG-052,error map,/mnt/c/Users/Administrator/Desktop/Hal/results/CSI+SE-ResNet/outputs/array_03/plots/performance_summary_plots.png,模型性能或误差分布概览图（来源：CSI+SE-ResNet/outputs/array_03/plots/performance_summary_plots.png）,第5章 实验结果,展示性能或误差概况,high,maybe,"Artifact type: image; size=1.8MB; evidence path only, image not modified."
FIG-053,error map,/mnt/c/Users/Administrator/Desktop/Hal/results/CSI+SE-ResNet/outputs/array_07/plots/performance_summary_plots.png,模型性能或误差分布概览图（来源：CSI+SE-ResNet/outputs/array_07/plots/performance_summary_plots.png）,第5章 实验结果,展示性能或误差概况,high,maybe,"Artifact type: image; size=2.3MB; evidence path only, image not modified."
FIG-054,error map,/mnt/c/Users/Administrator/Desktop/Hal/results/CSI+SE-ResNet/outputs/array_11/plots/performance_summary_plots.png,模型性能或误差分布概览图（来源：CSI+SE-ResNet/outputs/array_11/plots/performance_summary_plots.png）,第5章 实验结果,展示性能或误差概况,high,maybe,"Artifact type: image; size=2.3MB; evidence path only, image not modified."
FIG-055,error map,/mnt/c/Users/Administrator/Desktop/Hal/results/FFT_EfficientNet/output/image_translation/array_03/results/final_analysis_plots/_error_distribution_by_category.png,模型性能或误差分布概览图（来源：FFT_EfficientNet/output/image_translation/array_03/results/final_analysis_plots/_error_distribution_by_category.png）,第5章 实验结果,展示性能或误差概况,medium,maybe,"Artifact type: image; size=96.7KB; evidence path only, image not modified."
FIG-056,error map,/mnt/c/Users/Administrator/Desktop/Hal/results/FFT_EfficientNet_1/output/image_translation/array_03/results/final_analysis_plots/_error_distribution_by_category.png,模型性能或误差分布概览图（来源：FFT_EfficientNet_1/output/image_translation/array_03/results/final_analysis_plots/_error_distribution_by_category.png）,第5章 实验结果,展示性能或误差概况,medium,maybe,"Artifact type: image; size=96.7KB; evidence path only, image not modified."
FIG-057,error map,/mnt/c/Users/Administrator/Desktop/Hal/results/temp_result/1D+percentage_Label/output/image_translation/array_03/results/final_analysis_plots/_error_distribution_by_category.png,模型性能或误差分布概览图（来源：temp_result/1D+percentage_Label/output/image_translation/array_03/results/final_analysis_plots/_error_distribution_by_category.png）,第5章 实验结果,展示性能或误差概况,medium,maybe,"Artifact type: image; size=96.7KB; evidence path only, image not modified."
FIG-058,error map,/mnt/c/Users/Administrator/Desktop/Hal/results/temp_result/1D+percentage_Label/样本权重+非对称损失/output/image_translation/array_03/results/final_analysis_plots/_error_distribution_by_category.png,模型性能或误差分布概览图（来源：temp_result/1D+percentage_Label/样本权重+非对称损失/output/image_translation/array_03/results/final_analysis_plots/_error_distribution_by_category.png）,第5章 实验结果,展示性能或误差概况,medium,maybe,"Artifact type: image; size=96.7KB; evidence path only, image not modified."
FIG-059,error map,/mnt/c/Users/Administrator/Desktop/Hal/results/temp_result/1D+percentage_Label/样本权重+非对称损失/output/image_translation/array_03/results/weighted_model_analysis_plots/_error_distribution_by_category_weighted.png,模型性能或误差分布概览图（来源：temp_result/1D+percentage_Label/样本权重+非对称损失/output/image_translation/array_03/results/weighted_model_analysis_plots/_error_distribution_by_category_weighted.png）,第5章 实验结果,展示性能或误差概况,medium,maybe,"Artifact type: image; size=87.4KB; evidence path only, image not modified."
FIG-060,error map,/mnt/c/Users/Administrator/Desktop/Hal/results/双通道学习/array_03/plots/performance_summary_plots.png,模型性能或误差分布概览图（来源：双通道学习/array_03/plots/performance_summary_plots.png）,第5章 实验结果,展示性能或误差概况,high,maybe,"Artifact type: image; size=638.1KB; evidence path only, image not modified."
FIG-061,error map,/mnt/c/Users/Administrator/Desktop/Hal/results/预校正/array_03/plots/performance_summary_plots.png,模型性能或误差分布概览图（来源：预校正/array_03/plots/performance_summary_plots.png）,第5章 实验结果,展示性能或误差概况,high,maybe,"Artifact type: image; size=1.4MB; evidence path only, image not modified."
FIG-062,failed attempt,/mnt/c/Users/Administrator/Desktop/Hal/results/temp_result/GaN+2Dlabel/output/image_translation/array_03/results/classification_analysis_plots/sample_0_mask_comparison.png,失败路线的实验结果或诊断图（来源：temp_result/GaN+2Dlabel/output/image_translation/array_03/results/classification_analysis_plots/sample_0_mask_comparison.png）,附录或讨论章,展示失败路线证据,medium,yes,"Artifact type: image; size=59.8KB; evidence path only, image not modified."
FIG-063,failed attempt,/mnt/c/Users/Administrator/Desktop/Hal/results/temp_result/GaN+2Dlabel/output/image_translation/array_03/results/classification_analysis_plots/sample_1_mask_comparison.png,失败路线的实验结果或诊断图（来源：temp_result/GaN+2Dlabel/output/image_translation/array_03/results/classification_analysis_plots/sample_1_mask_comparison.png）,附录或讨论章,展示失败路线证据,medium,yes,"Artifact type: image; size=59.4KB; evidence path only, image not modified."
FIG-064,failed attempt,/mnt/c/Users/Administrator/Desktop/Hal/results/temp_result/GaN+2Dlabel/output/image_translation/array_03/results/classification_analysis_plots/sample_2_mask_comparison.png,失败路线的实验结果或诊断图（来源：temp_result/GaN+2Dlabel/output/image_translation/array_03/results/classification_analysis_plots/sample_2_mask_comparison.png）,附录或讨论章,展示失败路线证据,medium,yes,"Artifact type: image; size=59.8KB; evidence path only, image not modified."
FIG-065,failed attempt,/mnt/c/Users/Administrator/Desktop/Hal/results/temp_result/GaN+2Dlabel/output/image_translation/array_03/results/classification_analysis_plots/sample_3_mask_comparison.png,失败路线的实验结果或诊断图（来源：temp_result/GaN+2Dlabel/output/image_translation/array_03/results/classification_analysis_plots/sample_3_mask_comparison.png）,附录或讨论章,展示失败路线证据,medium,yes,"Artifact type: image; size=59.9KB; evidence path only, image not modified."
FIG-066,failed attempt,/mnt/c/Users/Administrator/Desktop/Hal/results/temp_result/GaN+2Dlabel/output/image_translation/array_03/results/classification_analysis_plots/sample_4_mask_comparison.png,失败路线的实验结果或诊断图（来源：temp_result/GaN+2Dlabel/output/image_translation/array_03/results/classification_analysis_plots/sample_4_mask_comparison.png）,附录或讨论章,展示失败路线证据,medium,yes,"Artifact type: image; size=59.6KB; evidence path only, image not modified."
FIG-067,failed attempt,/mnt/c/Users/Administrator/Desktop/Hal/results/temp_result/GaN+2Dlabel/output/image_translation/array_03/results/classification_analysis_plots/sample_5_mask_comparison.png,失败路线的实验结果或诊断图（来源：temp_result/GaN+2Dlabel/output/image_translation/array_03/results/classification_analysis_plots/sample_5_mask_comparison.png）,附录或讨论章,展示失败路线证据,medium,yes,"Artifact type: image; size=59.7KB; evidence path only, image not modified."
FIG-068,failed attempt,/mnt/c/Users/Administrator/Desktop/Hal/results/temp_result/GaN+2Dlabel/output/image_translation/array_03/results/classification_analysis_plots/sample_6_mask_comparison.png,失败路线的实验结果或诊断图（来源：temp_result/GaN+2Dlabel/output/image_translation/array_03/results/classification_analysis_plots/sample_6_mask_comparison.png）,附录或讨论章,展示失败路线证据,medium,yes,"Artifact type: image; size=60.0KB; evidence path only, image not modified."
FIG-069,failed attempt,/mnt/c/Users/Administrator/Desktop/Hal/results/temp_result/GaN+2Dlabel/output/image_translation/array_03/results/classification_analysis_plots/sample_7_mask_comparison.png,失败路线的实验结果或诊断图（来源：temp_result/GaN+2Dlabel/output/image_translation/array_03/results/classification_analysis_plots/sample_7_mask_comparison.png）,附录或讨论章,展示失败路线证据,medium,yes,"Artifact type: image; size=59.5KB; evidence path only, image not modified."
FIG-070,failed attempt,/mnt/c/Users/Administrator/Desktop/Hal/results/temp_result/GaN+2Dlabel/output/image_translation/array_03/results/classification_analysis_plots/sample_8_mask_comparison.png,失败路线的实验结果或诊断图（来源：temp_result/GaN+2Dlabel/output/image_translation/array_03/results/classification_analysis_plots/sample_8_mask_comparison.png）,附录或讨论章,展示失败路线证据,medium,yes,"Artifact type: image; size=60.1KB; evidence path only, image not modified."
FIG-071,failed attempt,/mnt/c/Users/Administrator/Desktop/Hal/results/temp_result/GaN+2Dlabel/output/image_translation/array_03/results/classification_analysis_plots/sample_9_mask_comparison.png,失败路线的实验结果或诊断图（来源：temp_result/GaN+2Dlabel/output/image_translation/array_03/results/classification_analysis_plots/sample_9_mask_comparison.png）,附录或讨论章,展示失败路线证据,medium,yes,"Artifact type: image; size=60.1KB; evidence path only, image not modified."
FIG-072,failed attempt,/mnt/c/Users/Administrator/Desktop/Hal/results/temp_result/GaN+2Dlabel/output/visualization_plots/04_training_history.png,失败路线的实验结果或诊断图（来源：temp_result/GaN+2Dlabel/output/visualization_plots/04_training_history.png）,附录或讨论章,展示失败路线证据,medium,yes,"Artifact type: image; size=109.0KB; evidence path only, image not modified."
FIG-073,failed attempt,/mnt/c/Users/Administrator/Desktop/Hal/results/temp_result/GaN+2Dlabel/output/visualization_plots/150_03_label_generation.png,失败路线的实验结果或诊断图（来源：temp_result/GaN+2Dlabel/output/visualization_plots/150_03_label_generation.png）,附录或讨论章,展示失败路线证据,medium,yes,"Artifact type: image; size=102.5KB; evidence path only, image not modified."
FIG-074,limitation evidence,/mnt/c/Users/Administrator/Desktop/Hal/results/CSI+CNN/alignment_results.png,方法局限性或补充诊断图（来源：CSI+CNN/alignment_results.png）,第7章 讨论,展示限制或补充证据,high,maybe,"Artifact type: image; size=1.2MB; evidence path only, image not modified."
FIG-075,limitation evidence,/mnt/c/Users/Administrator/Desktop/Hal/results/CSI+CNN/depth_range_csi_analysis.png,方法局限性或补充诊断图（来源：CSI+CNN/depth_range_csi_analysis.png）,第7章 讨论,展示限制或补充证据,high,maybe,"Artifact type: image; size=874.5KB; evidence path only, image not modified."
FIG-076,limitation evidence,/mnt/c/Users/Administrator/Desktop/Hal/results/CSI+CNN/filtering_effect_comparison.png,方法局限性或补充诊断图（来源：CSI+CNN/filtering_effect_comparison.png）,第7章 讨论,展示限制或补充证据,high,maybe,"Artifact type: image; size=532.5KB; evidence path only, image not modified."
FIG-077,limitation evidence,/mnt/c/Users/Administrator/Desktop/Hal/results/CSI+SE-ResNet/outputs/array_03/plots/analysis_candidates/candidate_Excellent_index_11346_comparison.png,方法局限性或补充诊断图（来源：CSI+SE-ResNet/outputs/array_03/plots/analysis_candidates/candidate_Excellent_index_11346_comparison.png）,第7章 讨论,展示限制或补充证据,high,maybe,"Artifact type: image; size=255.1KB; evidence path only, image not modified."
FIG-078,limitation evidence,/mnt/c/Users/Administrator/Desktop/Hal/results/CSI+SE-ResNet/outputs/array_03/plots/analysis_candidates/candidate_Excellent_index_11656_comparison.png,方法局限性或补充诊断图（来源：CSI+SE-ResNet/outputs/array_03/plots/analysis_candidates/candidate_Excellent_index_11656_comparison.png）,第7章 讨论,展示限制或补充证据,high,maybe,"Artifact type: image; size=274.9KB; evidence path only, image not modified."
FIG-079,limitation evidence,/mnt/c/Users/Administrator/Desktop/Hal/results/CSI+SE-ResNet/outputs/array_03/plots/analysis_candidates/candidate_Excellent_index_1398_comparison.png,方法局限性或补充诊断图（来源：CSI+SE-ResNet/outputs/array_03/plots/analysis_candidates/candidate_Excellent_index_1398_comparison.png）,第7章 讨论,展示限制或补充证据,high,maybe,"Artifact type: image; size=242.2KB; evidence path only, image not modified."
FIG-080,limitation evidence,/mnt/c/Users/Administrator/Desktop/Hal/results/CSI+SE-ResNet/outputs/array_03/plots/analysis_candidates/candidate_Excellent_index_14648_comparison.png,方法局限性或补充诊断图（来源：CSI+SE-ResNet/outputs/array_03/plots/analysis_candidates/candidate_Excellent_index_14648_comparison.png）,第7章 讨论,展示限制或补充证据,high,maybe,"Artifact type: image; size=257.8KB; evidence path only, image not modified."
FIG-081,limitation evidence,/mnt/c/Users/Administrator/Desktop/Hal/results/CSI+SE-ResNet/outputs/array_03/plots/analysis_candidates/candidate_Excellent_index_15183_comparison.png,方法局限性或补充诊断图（来源：CSI+SE-ResNet/outputs/array_03/plots/analysis_candidates/candidate_Excellent_index_15183_comparison.png）,第7章 讨论,展示限制或补充证据,high,maybe,"Artifact type: image; size=250.8KB; evidence path only, image not modified."
FIG-082,limitation evidence,/mnt/c/Users/Administrator/Desktop/Hal/results/CSI+SE-ResNet/outputs/array_03/plots/analysis_candidates/candidate_Excellent_index_3199_comparison.png,方法局限性或补充诊断图（来源：CSI+SE-ResNet/outputs/array_03/plots/analysis_candidates/candidate_Excellent_index_3199_comparison.png）,第7章 讨论,展示限制或补充证据,high,maybe,"Artifact type: image; size=264.7KB; evidence path only, image not modified."
FIG-083,limitation evidence,/mnt/c/Users/Administrator/Desktop/Hal/results/CSI+SE-ResNet/outputs/array_03/plots/analysis_candidates/candidate_Excellent_index_3258_comparison.png,方法局限性或补充诊断图（来源：CSI+SE-ResNet/outputs/array_03/plots/analysis_candidates/candidate_Excellent_index_3258_comparison.png）,第7章 讨论,展示限制或补充证据,high,maybe,"Artifact type: image; size=259.2KB; evidence path only, image not modified."
FIG-084,model architecture,/mnt/c/Users/Administrator/Desktop/Hal/results/CSI+SE-ResNet/outputs/array_03/plots/model_architecture_array_03.png,模型结构示意图（来源：CSI+SE-ResNet/outputs/array_03/plots/model_architecture_array_03.png）,第4章 模型结构,展示模型结构图,high,maybe,"Artifact type: image; size=790.3KB; evidence path only, image not modified."
FIG-085,scatter plot,/mnt/c/Users/Administrator/Desktop/Hal/results/FFT_EfficientNet/output/fft_regression/array_03/results/fft_model_analysis_plots/_overall_performance_scatter.png,预测值与真值散点对比图（来源：FFT_EfficientNet/output/fft_regression/array_03/results/fft_model_analysis_plots/_overall_performance_scatter.png）,第5章 实验结果,展示预测与真值散点关系,high,no,"Artifact type: image; size=245.2KB; evidence path only, image not modified."
FIG-086,scatter plot,/mnt/c/Users/Administrator/Desktop/Hal/results/FFT_EfficientNet/output/image_translation/array_03/results/final_analysis_plots/_overall_performance_scatter.png,预测值与真值散点对比图（来源：FFT_EfficientNet/output/image_translation/array_03/results/final_analysis_plots/_overall_performance_scatter.png）,第5章 实验结果,展示预测与真值散点关系,high,no,"Artifact type: image; size=415.6KB; evidence path only, image not modified."
FIG-087,scatter plot,/mnt/c/Users/Administrator/Desktop/Hal/results/FFT_EfficientNet_1/output/fft_regression/array_03/results/fft_model_analysis_plots/_overall_performance_scatter.png,预测值与真值散点对比图（来源：FFT_EfficientNet_1/output/fft_regression/array_03/results/fft_model_analysis_plots/_overall_performance_scatter.png）,第5章 实验结果,展示预测与真值散点关系,high,no,"Artifact type: image; size=251.6KB; evidence path only, image not modified."
FIG-088,scatter plot,/mnt/c/Users/Administrator/Desktop/Hal/results/FFT_EfficientNet_1/output/image_translation/array_03/results/final_analysis_plots/_overall_performance_scatter.png,预测值与真值散点对比图（来源：FFT_EfficientNet_1/output/image_translation/array_03/results/final_analysis_plots/_overall_performance_scatter.png）,第5章 实验结果,展示预测与真值散点关系,high,no,"Artifact type: image; size=415.6KB; evidence path only, image not modified."
FIG-089,scatter plot,/mnt/c/Users/Administrator/Desktop/Hal/results/temp_result/1D+percentage_Label/output/image_translation/array_03/results/final_analysis_plots/_overall_performance_scatter.png,预测值与真值散点对比图（来源：temp_result/1D+percentage_Label/output/image_translation/array_03/results/final_analysis_plots/_overall_performance_scatter.png）,第5章 实验结果,展示预测与真值散点关系,high,no,"Artifact type: image; size=415.6KB; evidence path only, image not modified."
FIG-090,scatter plot,/mnt/c/Users/Administrator/Desktop/Hal/results/temp_result/1D+percentage_Label/样本权重+非对称损失/output/image_translation/array_03/results/final_analysis_plots/_overall_performance_scatter.png,预测值与真值散点对比图（来源：temp_result/1D+percentage_Label/样本权重+非对称损失/output/image_translation/array_03/results/final_analysis_plots/_overall_performance_scatter.png）,第5章 实验结果,展示预测与真值散点关系,high,no,"Artifact type: image; size=415.6KB; evidence path only, image not modified."
FIG-091,scatter plot,/mnt/c/Users/Administrator/Desktop/Hal/results/temp_result/1D+percentage_Label/样本权重+非对称损失/output/image_translation/array_03/results/weighted_model_analysis_plots/_overall_performance_scatter_weighted.png,预测值与真值散点对比图（来源：temp_result/1D+percentage_Label/样本权重+非对称损失/output/image_translation/array_03/results/weighted_model_analysis_plots/_overall_performance_scatter_weighted.png）,第5章 实验结果,展示预测与真值散点关系,high,no,"Artifact type: image; size=843.0KB; evidence path only, image not modified."
FIG-092,severity map,/mnt/c/Users/Administrator/Desktop/Hal/results/FFT_EfficientNet/output/fft_regression/array_03/results/fft_model_analysis_plots/combo_plots_High_Severity/combo_sample_1717.png,基于 Zc 阈值构建的窜槽严重性标签示例（来源：FFT_EfficientNet/output/fft_regression/array_03/results/fft_model_analysis_plots/combo_plots_High_Severity/combo_sample_1717.png）,第3章 标签构造,展示严重性标签或最终标签形态,high,maybe,"Artifact type: image; size=312.0KB; evidence path only, image not modified."
FIG-093,severity map,/mnt/c/Users/Administrator/Desktop/Hal/results/FFT_EfficientNet/output/fft_regression/array_03/results/fft_model_analysis_plots/combo_plots_High_Severity/combo_sample_312.png,基于 Zc 阈值构建的窜槽严重性标签示例（来源：FFT_EfficientNet/output/fft_regression/array_03/results/fft_model_analysis_plots/combo_plots_High_Severity/combo_sample_312.png）,第3章 标签构造,展示严重性标签或最终标签形态,high,maybe,"Artifact type: image; size=315.4KB; evidence path only, image not modified."
FIG-094,severity map,/mnt/c/Users/Administrator/Desktop/Hal/results/FFT_EfficientNet/output/fft_regression/array_03/results/fft_model_analysis_plots/combo_plots_High_Severity/combo_sample_314.png,基于 Zc 阈值构建的窜槽严重性标签示例（来源：FFT_EfficientNet/output/fft_regression/array_03/results/fft_model_analysis_plots/combo_plots_High_Severity/combo_sample_314.png）,第3章 标签构造,展示严重性标签或最终标签形态,high,maybe,"Artifact type: image; size=313.4KB; evidence path only, image not modified."
FIG-095,severity map,/mnt/c/Users/Administrator/Desktop/Hal/results/FFT_EfficientNet/output/fft_regression/array_03/results/fft_model_analysis_plots/combo_plots_High_Severity/combo_sample_650.png,基于 Zc 阈值构建的窜槽严重性标签示例（来源：FFT_EfficientNet/output/fft_regression/array_03/results/fft_model_analysis_plots/combo_plots_High_Severity/combo_sample_650.png）,第3章 标签构造,展示严重性标签或最终标签形态,high,maybe,"Artifact type: image; size=324.7KB; evidence path only, image not modified."
FIG-096,severity map,/mnt/c/Users/Administrator/Desktop/Hal/results/FFT_EfficientNet/output/fft_regression/array_03/results/fft_model_analysis_plots/combo_plots_High_Severity/combo_sample_655.png,基于 Zc 阈值构建的窜槽严重性标签示例（来源：FFT_EfficientNet/output/fft_regression/array_03/results/fft_model_analysis_plots/combo_plots_High_Severity/combo_sample_655.png）,第3章 标签构造,展示严重性标签或最终标签形态,high,maybe,"Artifact type: image; size=316.1KB; evidence path only, image not modified."
FIG-097,severity map,/mnt/c/Users/Administrator/Desktop/Hal/results/FFT_EfficientNet/output/fft_regression/array_03/results/fft_model_analysis_plots/combo_plots_High_Severity/combo_sample_658.png,基于 Zc 阈值构建的窜槽严重性标签示例（来源：FFT_EfficientNet/output/fft_regression/array_03/results/fft_model_analysis_plots/combo_plots_High_Severity/combo_sample_658.png）,第3章 标签构造,展示严重性标签或最终标签形态,high,maybe,"Artifact type: image; size=311.0KB; evidence path only, image not modified."
FIG-098,severity map,/mnt/c/Users/Administrator/Desktop/Hal/results/FFT_EfficientNet/output/fft_regression/array_03/results/fft_model_analysis_plots/combo_plots_High_Severity/combo_sample_768.png,基于 Zc 阈值构建的窜槽严重性标签示例（来源：FFT_EfficientNet/output/fft_regression/array_03/results/fft_model_analysis_plots/combo_plots_High_Severity/combo_sample_768.png）,第3章 标签构造,展示严重性标签或最终标签形态,high,maybe,"Artifact type: image; size=323.4KB; evidence path only, image not modified."
FIG-099,severity map,/mnt/c/Users/Administrator/Desktop/Hal/results/FFT_EfficientNet/output/fft_regression/array_03/results/fft_model_analysis_plots/combo_plots_High_Severity/combo_sample_769.png,基于 Zc 阈值构建的窜槽严重性标签示例（来源：FFT_EfficientNet/output/fft_regression/array_03/results/fft_model_analysis_plots/combo_plots_High_Severity/combo_sample_769.png）,第3章 标签构造,展示严重性标签或最终标签形态,high,maybe,"Artifact type: image; size=297.0KB; evidence path only, image not modified."
FIG-100,severity map,/mnt/c/Users/Administrator/Desktop/Hal/results/FFT_EfficientNet/output/fft_regression/array_03/results/fft_model_analysis_plots/combo_plots_High_Severity/combo_sample_836.png,基于 Zc 阈值构建的窜槽严重性标签示例（来源：FFT_EfficientNet/output/fft_regression/array_03/results/fft_model_analysis_plots/combo_plots_High_Severity/combo_sample_836.png）,第3章 标签构造,展示严重性标签或最终标签形态,high,maybe,"Artifact type: image; size=317.1KB; evidence path only, image not modified."
FIG-101,severity map,/mnt/c/Users/Administrator/Desktop/Hal/results/FFT_EfficientNet/output/fft_regression/array_03/results/fft_model_analysis_plots/combo_plots_High_Severity/combo_sample_837.png,基于 Zc 阈值构建的窜槽严重性标签示例（来源：FFT_EfficientNet/output/fft_regression/array_03/results/fft_model_analysis_plots/combo_plots_High_Severity/combo_sample_837.png）,第3章 标签构造,展示严重性标签或最终标签形态,high,maybe,"Artifact type: image; size=310.6KB; evidence path only, image not modified."
FIG-102,severity map,/mnt/c/Users/Administrator/Desktop/Hal/results/FFT_EfficientNet/output/fft_regression/array_03/results/fft_model_analysis_plots/combo_plots_High_Severity/combo_sample_847.png,基于 Zc 阈值构建的窜槽严重性标签示例（来源：FFT_EfficientNet/output/fft_regression/array_03/results/fft_model_analysis_plots/combo_plots_High_Severity/combo_sample_847.png）,第3章 标签构造,展示严重性标签或最终标签形态,high,maybe,"Artifact type: image; size=319.7KB; evidence path only, image not modified."
FIG-103,severity map,/mnt/c/Users/Administrator/Desktop/Hal/results/FFT_EfficientNet/output/fft_regression/array_03/results/fft_model_analysis_plots/combo_plots_High_Severity/combo_sample_891.png,基于 Zc 阈值构建的窜槽严重性标签示例（来源：FFT_EfficientNet/output/fft_regression/array_03/results/fft_model_analysis_plots/combo_plots_High_Severity/combo_sample_891.png）,第3章 标签构造,展示严重性标签或最终标签形态,high,maybe,"Artifact type: image; size=304.6KB; evidence path only, image not modified."
FIG-104,数据示意图,/mnt/c/Users/Administrator/Desktop/Hal/results/CSI+CNN/channeling_distribution.png,原始声波信号及窜槽分布示意图（来源：CSI+CNN/channeling_distribution.png）,第2章 数据与问题定义,展示原始声波/CSI/窜槽分布证据,high,no,"Artifact type: image; size=1.8MB; evidence path only, image not modified."
FIG-105,数据示意图,/mnt/c/Users/Administrator/Desktop/Hal/results/CSI+CNN/csi_distribution_analysis.png,原始声波信号及窜槽分布示意图（来源：CSI+CNN/csi_distribution_analysis.png）,第2章 数据与问题定义,展示原始声波/CSI/窜槽分布证据,high,no,"Artifact type: image; size=2.5MB; evidence path only, image not modified."
FIG-106,数据示意图,/mnt/c/Users/Administrator/Desktop/Hal/results/CSI+CNN/real_original_sonic_signals.png,原始声波信号及窜槽分布示意图（来源：CSI+CNN/real_original_sonic_signals.png）,第2章 数据与问题定义,展示原始声波/CSI/窜槽分布证据,high,no,"Artifact type: image; size=898.8KB; evidence path only, image not modified."
FIG-107,数据示意图,/mnt/c/Users/Administrator/Desktop/Hal/results/temp_result/GaN+2Dlabel/output/visualization_plots/150_01_raw_waveform.png,原始声波信号及窜槽分布示意图（来源：temp_result/GaN+2Dlabel/output/visualization_plots/150_01_raw_waveform.png）,第2章 数据与问题定义,展示原始声波/CSI/窜槽分布证据,medium,no,"Artifact type: image; size=51.0KB; evidence path only, image not modified."
FIG-108,数据示意图,/mnt/c/Users/Administrator/Desktop/Hal/results/temp_result/GaN+2Dlabel/output/visualization_plots/2500_01_raw_waveform.png,原始声波信号及窜槽分布示意图（来源：temp_result/GaN+2Dlabel/output/visualization_plots/2500_01_raw_waveform.png）,第2章 数据与问题定义,展示原始声波/CSI/窜槽分布证据,medium,no,"Artifact type: image; size=57.0KB; evidence path only, image not modified."
FIG-109,数据示意图,/mnt/c/Users/Administrator/Desktop/Hal/results/temp_result/test_relativity/output/visualization_plots/150_01_raw_waveform.png,原始声波信号及窜槽分布示意图（来源：temp_result/test_relativity/output/visualization_plots/150_01_raw_waveform.png）,第2章 数据与问题定义,展示原始声波/CSI/窜槽分布证据,medium,no,"Artifact type: image; size=51.0KB; evidence path only, image not modified."
FIG-110,数据示意图,/mnt/c/Users/Administrator/Desktop/Hal/results/temp_result/test_relativity/output/visualization_plots/2500_01_raw_waveform.png,原始声波信号及窜槽分布示意图（来源：temp_result/test_relativity/output/visualization_plots/2500_01_raw_waveform.png）,第2章 数据与问题定义,展示原始声波/CSI/窜槽分布证据,medium,no,"Artifact type: image; size=57.0KB; evidence path only, image not modified."
